ŠÇŠ–{•”,ŠÇŠZŽÉ‚P,ŠÇŠZŽÉ‚Q,s­‹æ•ª,’†ŠwZ–¼,2013”N¶‚Ü‚ê,2012”N¶‚Ü‚ê,2011”N¶‚Ü‚ê,2010”N¶‚Ü‚ê,2009”N¶‚Ü‚ê,2008”N¶‚Ü‚ê,2007”N¶‚Ü‚ê,2006”N¶‚Ü‚ê,2005”N¶‚Ü‚ê,2004”N¶‚Ü‚ê,2003”N¶‚Ü‚ê,2002”N¶‚Ü‚ê,2001”N¶‚Ü‚ê,2000”N¶‚Ü‚ê,1999”N¶‚Ü‚ê,1998”N¶‚Ü‚ê,1997”N¶‚Ü‚ê,1996”N¶‚Ü‚ê,1995”N¶‚Ü‚ê,Œ»Ý‚Ì3Šw”N‚Ì•½‹Ï,18”NŠÔ‚Ì•½‹Ï
–L‹´,Šâ“c,‚È‚µ,–L‹´Žs,–L‰ª’†,,156,170,157,170,150,165,141,164,167,163,163,163,171,189,209,205,190,208,161,172.3
–L‹´,Šâ“c,‚È‚µ,–L‹´Žs,–L‹´“Œ•”’†,,216,275,243,233,270,251,244,236,253,269,289,271,280,280,280,292,314,301,244.7,266.5
–L‹´,Šâ“c,‚È‚µ,–L‹´Žs,–L‹´“Œ—z’†,,153,196,182,163,193,161,151,151,163,176,152,167,167,157,190,150,171,165,177,167.1
–L‹´,–L‹´–{•”,‚È‚µ,–L‹´Žs,–L‹´’†•”’†,,213,193,187,233,172,182,208,172,218,187,206,204,198,219,192,219,224,220,197.7,202.6
–L‹´,–L‹´–{•”,‚È‚µ,–L‹´Žs,–Lé’†,,119,128,102,121,104,99,94,103,111,104,98,112,101,108,102,94,90,89,116.3,104.4
–L‹´,“Œ“c,‚È‚µ,–L‹´Žs,Â—Ë’†,,229,211,215,201,214,225,208,179,174,199,217,185,213,199,210,225,205,220,218.3,207.2
–L‹´,‰Š®,–L‹´–{•”,–L‹´Žs,‰H“c’†,,141,132,158,131,162,132,161,131,159,177,166,168,185,138,148,144,158,160,143.7,152.8
–L‹´,‰Š®,‚È‚µ,–L‹´Žs,–´˜C’†,,228,214,175,206,180,192,188,195,198,201,188,192,214,232,232,263,235,246,205.7,209.9
–L‹´,‰Š®,‚È‚µ,–L‹´Žs,‹g“c•û’†,,139,127,162,134,140,148,139,132,133,147,152,138,166,157,162,152,170,145,142.7,146.8
–L‹´,–kŽR,‚È‚µ,–L‹´Žs,–L‹´“ì•”’†,,225,222,224,212,234,233,241,245,230,235,272,251,273,257,277,290,284,282,223.7,249.3
–L‹´,–kŽR,‚È‚µ,–L‹´Žs,‚Žt‘ä’†,,189,206,192,179,193,215,193,211,232,205,228,248,215,235,227,222,223,190,195.7,211.3
–L‹´,‰Š®,‚È‚µ,–L‹´Žs,–L‹´“ì—z’†,,148,169,158,150,146,179,168,148,162,195,191,193,178,212,186,183,173,159,158.3,172.1
–L‹´,–kŽR,‚È‚µ,–L‹´Žs,–{‹½’†,,196,199,193,183,175,202,173,184,189,175,205,189,207,204,196,186,221,180,196,192.1
–L‹´,•xŽmŒ©‘ä,‚È‚µ,–L‹´Žs,“ì—Å’†,,194,200,204,209,209,230,238,252,259,258,266,260,243,270,252,226,267,222,199.3,236.6
–L‹´,–L‹´–{•”,‚È‚µ,–L‹´Žs,–L‹´–k•”’†,,103,112,118,115,114,129,119,106,114,121,130,129,144,137,127,158,135,159,111,126.1
–L‹´,‚È‚µ,‚È‚µ,–L‹´Žs,‘OŽÅ’†,,27,33,28,42,28,42,30,30,35,37,46,42,44,57,51,57,35,49,29.3,39.6
–L‹´,“Œ“c,‚È‚µ,–L‹´Žs,ÎŠª’†,,100,116,118,123,105,123,132,104,125,116,127,125,143,131,137,140,143,154,111.3,125.7
–L‹´,Šâ“c,‚È‚µ,–L‹´Žs,“ñì’†,,191,187,178,199,173,162,170,159,178,185,192,231,214,186,213,194,199,195,185.3,189.2
–L‹´,‚È‚µ,‚È‚µ,–L‹´Žs,ŒÜ•À’†,,21,34,37,28,30,33,40,37,41,37,51,81,47,67,61,68,56,62,30.7,46.2
–L‹´,•xŽmŒ©‘ä,‚È‚µ,–L‹´Žs,‚–L’†,,121,124,131,145,132,145,115,113,128,121,96,125,127,139,119,144,150,129,125.3,128
–L‹´,•xŽmŒ©‘ä,‚È‚µ,–L‹´Žs,Í“ì’†,,59,80,74,87,96,87,85,80,91,123,101,113,109,121,104,96,76,100,71,93.4
–L‹´,‚È‚µ,‚È‚µ,–L‹´Žs,–L‹´÷‹u’†,,,94,85,,98,71,74,72,73,74,73,59,71,72,72,72,73,73,89.5,75.4
–L‹´,“Œ“c,‚È‚µ,–L‹´Žs,“Œ—Ë’†,,120,124,115,134,131,125,124,125,141,160,119,135,128,120,146,125,146,141,119.7,131.1
–L‹´,–Lì–{•”,ˆî‰×,–LìŽs,‹à‰®’†,,154,165,148,146,165,163,173,149,165,155,163,187,150,194,167,165,177,193,155.7,165.5
–L‹´,‘•{‰w‘O,‚È‚µ,–LìŽs,–Lì¼•”’†,,202,232,211,206,201,212,197,163,189,201,206,220,192,214,202,228,198,218,215,205.1
–L‹´,–Lì–{•”,‚È‚µ,–LìŽs,‘ã“c’†,,132,143,141,127,149,128,119,123,130,130,120,148,140,139,112,134,130,126,138.7,131.7
–L‹´,‘•{‰w‘O,‚È‚µ,–LìŽs,–Lì’†•”’†,,186,174,185,177,188,194,174,161,172,181,150,200,160,161,182,194,159,164,181.7,175.7
–L‹´,ˆî‰×,‚È‚µ,–LìŽs,–Lì“Œ•”’†,,256,247,273,282,265,315,259,264,252,296,274,352,285,293,306,309,311,307,258.7,285.9
–L‹´,–Lì–{•”,‚È‚µ,–LìŽs,–Lì“ì•”’†,,231,222,207,219,216,227,224,228,213,241,240,254,242,249,218,225,225,253,220,229.7
–L‹´,“cŒ´,‚È‚µ,“cŒ´Žs,“cŒ´’†,,210,232,243,215,228,216,216,198,199,219,219,222,207,190,202,205,220,200,228.3,213.4
–L‹´,“cŒ´,‚È‚µ,“cŒ´Žs,“cŒ´“Œ•”’†,,128,,107,131,126,141,139,126,143,138,136,129,134,144,149,137,152,167,117.5,136.9
–L‹´,‚È‚µ,‚È‚µ,“cŒ´Žs,–ì“c’†,,,,,,,,,,,,,,37,34,35,,47,41,#DIV/0!,38.8
–L‹´,‚È‚µ,‚È‚µ,“cŒ´Žs,ˆÉ—ÇŒÎ–¦’†,,,,,,,,,,,43,39,29,,28,,42,37,49,#DIV/0!,38.1
–L‹´,“cŒ´,‚È‚µ,“cŒ´Žs,•Ÿ]’†,,107,,101,109,123,123,118,115,138,123,106,117,108,117,122,,116,127,104,116.9
–L‹´,‚È‚µ,‚È‚µ,“cŒ´Žs,ò’†,,,,,,,,38,26,31,32,38,34,32,34,28,39,31,36,#DIV/0!,33.3
–L‹´,“cŒ´,‚È‚µ,“cŒ´Žs,Ô‰Hª’†,,77,68,66,66,82,60,48,,42,55,53,47,,,,67,57,71,70.3,61.4
–L‹´,ˆî‰×,‚È‚µ,–LìŽs,ˆê‹{’†,,172,171,145,196,166,146,190,135,180,161,161,151,155,157,162,175,154,163,162.7,163.3
–L‹´,‘•{‰w‘O,‚È‚µ,–LìŽs,‰¹‰H’†,,79,85,87,100,89,89,108,89,109,111,113,122,110,120,101,97,89,99,83.7,99.8
–L‹´,¬âˆä,‚È‚µ,–LìŽs,¬âˆä’†,,185,227,181,194,201,192,200,191,190,176,224,195,205,192,196,210,180,200,197.7,196.6
–L‹´,‘•{‰w‘O,‚È‚µ,–LìŽs,Œä’Ã’†,,106,114,101,138,116,128,130,134,127,120,149,123,133,152,132,141,135,126,107,128.1
–L‹´,Š—ŒS–{•”,‚È‚µ,Š—ŒSŽs,‘å’Ë’†,,45,46,55,52,43,43,50,47,40,56,57,57,64,61,58,56,57,69,48.7,53.1
–L‹´,Œ`Œ´,‚È‚µ,Š—ŒSŽs,Œ`Œ´’†,,118,150,122,145,149,157,141,144,165,165,162,173,172,167,178,181,156,167,130,156.2
–L‹´,Š—ŒS–{•”,‚È‚µ,Š—ŒSŽs,Š—ŒS’†,,169,163,161,177,158,140,146,176,171,169,143,166,160,175,185,152,192,151,164.3,164.1
–L‹´,Š—ŒS–{•”,‚È‚µ,Š—ŒSŽs,‰–’Ã’†,,86,70,87,83,110,85,95,83,90,89,83,81,82,124,111,89,102,100,81,91.7
–L‹´,Š—ŒS–{•”,‚È‚µ,Š—ŒSŽs,Š—ŒS’†•”’†,,106,105,113,111,112,120,139,114,117,101,119,113,132,97,109,117,120,128,108,115.2
–L‹´,Œ`Œ´,‚È‚µ,Š—ŒSŽs,¼‰Y’†,,28,41,39,43,46,45,31,38,30,33,30,41,43,50,55,53,59,54,36,42.2
–L‹´,Š—ŒS–{•”,‚È‚µ,Š—ŒSŽs,ŽO’J’†,,90,80,88,80,92,105,97,100,106,94,95,104,102,104,112,114,109,114,86,99.2
–L‹´,‚È‚µ,‚È‚µ,Š—ŒSŽs,ŠC—z’†“™‹³ˆçŠwZ,,,,,,,,,,,120,120,120,,,,,,,#DIV/0!,120
–L‹´,Vé,‚È‚µ,VéŽs,ç‹½’†,,83,91,97,82,104,103,106,109,102,116,112,138,104,121,109,133,118,122,90.3,108.3
–L‹´,‚È‚µ,‚È‚µ,VéŽs,”ª–¼’†,,42,30,41,53,37,46,34,38,45,39,41,42,51,52,53,,55,52,37.7,44.2
–L‹´,Vé,‚È‚µ,VéŽs,Vé’†,,54,54,68,61,72,78,73,64,84,81,72,111,86,84,81,102,97,99,58.7,78.9
–L‹´,Vé,‚È‚µ,VéŽs,Vé“Œ‹½’†,,72,66,72,73,83,80,83,76,76,131,159,95,95,92,81,101,98,97,70,90.6
‰ªè,“Œ‰ªè‰w‘O,‚È‚µ,‰ªèŽs,ˆ¤‹³•‰ªè’†,,136,144,142,145,144,143,144,144,160,160,160,160,158,160,158,167,163,162,140.7,152.8
‰ªè,”~‰€,Š›“c,‰ªèŽs,ˆ¨’†,,237,245,240,213,245,230,252,243,224,199,257,236,229,234,242,216,194,188,240.7,229.1
‰ªè,Š›“c,‚È‚µ,‰ªèŽs,Šâ’Ã’†,,136,130,141,139,143,134,129,114,107,118,134,152,140,140,145,126,110,108,135.7,130.3
‰ªè,‚È‚µ,‚È‚µ,‰ªèŽs,‰Í‡’†,,,20,21,22,12,21,20,19,17,22,23,22,30,23,22,33,31,26,20.5,22.6
‰ªè,”~‰€,‚È‚µ,‰ªèŽs,bŽR’†,,250,258,245,242,271,285,251,272,255,233,273,275,272,242,280,250,262,256,251,259.6
‰ªè,”~‰€,‚È‚µ,‰ªèŽs,é–k’†,,156,155,169,146,158,141,164,157,161,203,183,145,193,175,170,156,152,145,160,162.7
‰ªè,Š›“c,‚È‚µ,‰ªèŽs,VŽR’†,,151,164,160,173,158,172,158,145,171,134,144,134,102,86,107,80,80,83,158.3,133.4
‰ªè,—Î‹u,‚È‚µ,‰ªèŽs,“ŒŠC’†,,130,183,141,148,159,136,162,147,167,171,169,173,188,178,160,195,195,201,151.3,166.8
‰ªè,Š›“c,‚È‚µ,‰ªèŽs,í”Ö’†,,88,82,78,91,87,81,70,74,82,72,72,59,46,97,45,53,48,55,82.7,71.1
‰ªè,‰ªè–{•”,—Î‹u,‰ªèŽs,•Ÿ‰ª’†,,149,171,138,144,149,151,157,147,146,135,173,142,155,125,158,140,131,129,152.7,146.7
‰ªè,—Î‹u,‚È‚µ,‰ªèŽs,”üì’†,,175,176,188,188,191,173,207,172,188,171,188,182,177,164,172,196,181,158,179.7,180.4
‰ªè,—³”ü‹u,—Î‹u,‰ªèŽs,‰ªè“ì’†,,145,160,147,142,137,122,133,122,141,127,133,144,169,178,180,345,351,350,150.7,179.2
‰ªè,‰ªè–{•”,‚È‚µ,‰ªèŽs,˜Zƒc”ü’†,,142,169,159,159,164,176,189,182,177,171,170,198,161,204,186,188,196,189,156.7,176.7
‰ªè,–îì–{,‚È‚µ,‰ªèŽs,–îì–k’†,,305,286,290,323,282,279,306,271,282,288,304,264,286,274,280,297,291,308,293.7,289.8
‰ªè,–îì–{,‚È‚µ,‰ªèŽs,–îì’†,,239,228,258,248,206,251,221,226,240,272,238,258,252,271,298,257,234,241,241.7,246.6
‰ªè,—³”ü‹u,‚È‚µ,‰ªèŽs,—³ŠC’†,,357,345,387,360,324,328,324,329,291,281,303,345,345,337,342,378,352,341,363,337.2
‰ªè,—Î‹u,‚È‚µ,‰ªèŽs,—³“ì’†,,190,193,200,173,199,155,180,174,161,182,178,189,188,202,188,224,194,231,194.3,188.9
‰ªè,Š›“c,‚È‚µ,‰ªèŽs,‰ªè–k’†,,180,207,219,207,214,217,210,219,227,181,238,236,238,243,241,216,223,231,202,219.3
‰ªè,‰ªè–{•”,‚È‚µ,‰ªèŽs,˜Zƒc”ü–k’†,,297,256,256,256,269,265,254,253,245,280,267,279,306,292,289,278,263,299,269.7,272.4
Š ’J,“ìˆÀé,‚È‚µ,ˆÀéŽs,ˆÀË’†,,158,172,146,179,190,195,173,180,199,213,178,204,228,207,213,220,210,230,158.7,194.2
Š ’J,VˆÀé‰w‘O,‚È‚µ,ˆÀéŽs,ˆÀé–k’†,,299,293,284,281,285,301,302,282,268,285,308,279,294,326,323,302,266,286,292,292.4
Š ’J,“ŒŠ ’J‰w‘O,‚È‚µ,ˆÀéŽs,ˆÀé¼’†,,261,243,257,276,280,270,265,271,285,277,282,285,267,276,307,280,280,280,253.7,274.6
Š ’J,“ìˆÀé,‚È‚µ,ˆÀéŽs,ˆÀé“ì’†,,264,275,269,268,286,285,275,284,268,255,307,302,285,295,306,273,305,315,269.3,284.3
Š ’J,“ìˆÀé,‚È‚µ,ˆÀéŽs,÷ˆä’†,240,254,232,253,256,220,245,215,216,206,202,216,208,191,216,198,196,186,192,246.3,216.8
Š ’J,VˆÀé‰w‘O,“ŒŠ ’J‰w‘O,ˆÀéŽs,ŽÂ–Ú’†,,220,213,208,235,244,235,247,221,252,256,258,280,265,288,267,240,236,198,213.7,242.4
Š ’J,VˆÀé‰w‘O,‚È‚µ,ˆÀéŽs,ˆÀé“ŒŽR’†,,258,230,261,272,252,230,234,260,226,280,281,251,284,236,264,247,250,234,249.7,252.8
•É“ì,•É“ì–{•”,‚È‚µ,ˆÀéŽs,–¾Ë’†,,157,122,145,134,158,134,131,119,126,123,126,138,145,132,112,141,137,103,141.3,132.4
Š ’J,‚•l–{•”,‚È‚µ,‚•lŽs,‚•l’†,,323,332,297,336,324,341,297,339,283,301,300,306,303,301,305,305,303,277,317.3,309.6
Š ’J,‚•l–{•”,‚È‚µ,‚•lŽs,‚•l“ì’†,,189,192,180,221,182,205,187,195,212,177,216,203,172,190,174,173,177,174,187,189.9
•É“ì,•É“ì–{•”,‚È‚µ,•É“ìŽs,Vì’†,,130,114,139,139,150,127,151,144,153,144,141,136,121,140,134,136,132,157,127.7,138.2
•É“ì,•É“ì–{•”,‚È‚µ,•É“ìŽs,•É“ì’†‰›’†,,100,92,95,94,107,121,106,95,103,83,112,97,110,97,106,115,115,115,95.7,103.5
•É“ì,•É“ì–{•”,‚È‚µ,•É“ìŽs,¼’[’†,,65,66,67,70,73,73,83,68,94,90,84,85,88,83,93,72,70,70,66,77.4
•É“ì,•É“ì–{•”,‚È‚µ,•É“ìŽs,•É“ì“Œ’†,,155,180,158,169,148,172,187,202,171,177,189,160,196,188,201,198,207,207,164.3,181.4
•É“ì,•É“ì–{•”,‚È‚µ,•É“ìŽs,•É“ì“ì’†,,221,215,208,219,218,212,227,204,242,219,227,220,214,229,205,201,229,207,214.7,217.6
•É“ì,¼”ö–{•”,‚È‚µ,¼”öŽs,’ßé’†,,328,334,364,338,344,362,328,341,359,341,335,357,361,332,344,337,353,315,342,342.9
•É“ì,Ž›’Ã,‚È‚µ,¼”öŽs,Ž›’Ã’†,,67,66,78,67,65,82,84,63,77,77,69,66,67,68,82,83,65,65,70.3,71.7
•É“ì,¼”ö–{•”,‚È‚µ,¼”öŽs,¼”ö“Œ•”’†,,97,117,102,102,99,114,95,104,100,104,115,130,101,99,104,103,103,110,105.3,105.5
•É“ì,¼”ö–{•”,‚È‚µ,¼”öŽs,¼”ö’†,,256,219,264,270,257,245,257,250,227,231,249,225,253,239,244,248,259,227,246.3,245.6
•É“ì,¼”ö–{•”,‚È‚µ,¼”öŽs,•Ÿ’n’†,,74,91,98,106,85,86,90,78,77,86,93,87,98,79,82,83,79,101,87.7,87.4
•É“ì,Ž›’Ã,‚È‚µ,¼”öŽs,•½â’†,,338,311,312,270,278,277,275,240,258,257,210,254,266,258,297,288,261,285,320.3,274.2
‰ªè,‚È‚µ,‚È‚µ,‰ªèŽs,Šz“c’†,,65,49,63,62,53,58,64,74,60,80,61,75,74,75,85,79,89,101,59,70.4
•É“ì,‹g—Ç‹g“c,‚È‚µ,¼”öŽs,”¦“¤’†,,87,98,97,89,98,98,97,103,106,105,104,103,115,121,116,114,125,130,94,105.9
‰ªè,K“c–{,‚È‚µ,Šz“cŒS,K“c’†,,160,184,173,159,189,188,194,190,213,215,198,201,195,195,185,177,173,208,172.3,188.7
‰ªè,K“c–{,‚È‚µ,Šz“cŒS,K“c–k•”’†,,204,240,244,175,202,197,193,157,157,152,162,136,130,121,123,122,124,129,229.3,164.9
‰ªè,K“c–{,‚È‚µ,Šz“cŒS,K“c“ì•”’†,,109,90,99,98,76,69,69,84,69,79,83,71,76,62,98,84,73,86,99.3,81.9
•É“ì,‹g—Ç‹g“c,‚È‚µ,¼”öŽs,‹g—Ç’†,,209,223,207,220,184,222,205,206,235,214,237,235,212,216,244,238,219,203,213,218.3
•É“ì,‚È‚µ,‚È‚µ,¼”öŽs,²‹v“‡’†,,,,,,,,,,,3,3,5,,,,,,,#DIV/0!,3.7
•É“ì,‹g—Ç‹g“c,Ž›’Ã,¼”öŽs,ˆêF’†,,212,230,222,280,250,214,241,193,240,226,223,237,231,234,285,282,251,254,221.3,239.2
‰ªè,‚È‚µ,‚È‚µ,‰ªèŽs,‰ªèŠw‰€’†,,,,,,,,,,,,,,,,,,,23,#DIV/0!,23
‰ªè,—Î‹u,‰ªè–{•”,‰ªèŽs,ãÄ“ì’†,,253,264,256,249,203,229,206,170,191,183,183,176,169,167,171,,,,257.7,204.7
‰ªè,‚È‚µ,‚È‚µ,‰ªèŽs,ˆ¤ŽY‘åŽO‰Í’†,,,,,,,,,,,19,21,17,,29,31,36,40,43,#DIV/0!,29.5
–L“c,–L“c–{•”,Œ³’¬,–L“cŽs,ˆ§È’†,,263,247,279,296,253,261,281,271,298,335,291,281,319,285,297,255,255,253,263,278.9
–L“c,–L“c–{•”,‚È‚µ,–L“cŽs,’©“ú‹u’†,,311,261,281,277,283,273,246,237,245,269,237,231,225,250,245,227,233,251,284.3,254.6
–L“c,”~’Ø‰w‘O,‚È‚µ,–L“cŽs,ˆä‹½’†,,159,151,158,140,156,171,148,147,139,148,154,153,152,166,134,145,144,141,156,150.3
–L“c,‚È‚µ,‚È‚µ,–L“cŽs,Î–ì’†,,,,30,30,32,17,,,,29,23,23,,,40,,49,24,30,29.7
–L“c,”~’Ø‰w‘O,‚È‚µ,–L“cŽs,”~’Ø‘ä’†,,105,108,100,97,118,135,109,134,124,133,155,144,270,240,265,223,232,200,104.3,160.7
–L“c,Žá—Ñ‰w‘O,‚È‚µ,–L“cŽs,ã‹½’†,,152,162,188,181,165,171,171,179,208,188,190,199,179,169,181,167,194,206,167.3,180.6
–L“c,ò…‰w‘O,‚È‚µ,–L“cŽs,‰Ž“Š’†,,78,113,115,114,165,161,154,143,154,120,88,97,110,89,100,78,79,81,102,113.3
–L“c,–L“c–{•”,‚È‚µ,–L“cŽs,’‰»ŠÙ’†,,195,202,218,223,187,204,185,185,218,199,219,222,223,228,238,233,231,230,205,213.3
–L“c,‘å—Ñ,‚È‚µ,–L“cŽs,–––ìŒ´’†,,223,197,218,244,257,250,223,224,232,232,236,236,230,261,240,248,229,223,212.7,233.5
–L“c,Žá—Ñ‰w‘O,‚È‚µ,–L“cŽs,‚‰ª’†,,152,119,155,151,171,158,170,163,153,154,162,169,165,168,160,159,128,141,142,155.4
–L“c,ò…‰w‘O,‚È‚µ,–L“cŽs,•ÛŒ©’†,,116,120,135,84,121,105,105,83,108,76,90,99,98,80,110,106,103,99,123.7,102.1
–L“c,‘å—Ñ,‚È‚µ,–L“cŽs,–L“ì’†,,220,217,241,230,224,233,256,250,256,258,285,241,290,296,288,282,256,273,226,255.3
–L“c,Žá—Ñ‰w‘O,‚È‚µ,–L“cŽs,‘O—Ñ’†,,170,183,196,200,234,201,201,223,223,227,246,246,244,255,287,248,251,245,183,226.7
–L“c,”ü—¢,‚È‚µ,–L“cŽs,‰v•x’†,,101,104,105,93,93,120,103,106,93,95,103,108,105,100,110,92,113,108,103.3,102.9
–L“c,”ü—¢,‚È‚µ,–L“cŽs,¼•½’†,,79,110,84,88,88,104,106,102,94,122,117,111,128,141,132,137,132,126,91,111.2
–L“c,”ü—¢,‚È‚µ,–L“cŽs,”ü—¢’†,,163,184,194,217,196,238,216,200,226,232,211,229,220,225,226,220,220,203,180.3,212.2
–L“c,‘å—Ñ,Žá—Ñ‰w‘O,–L“cŽs,—³_’†,,219,234,222,236,234,244,239,264,248,237,228,220,240,245,218,237,230,196,225,232.8
–L“c,Žá—Ñ‰w‘O,‚È‚µ,–L“cŽs,Žá‰€’†,,125,122,128,128,130,152,123,141,133,127,147,119,136,118,130,132,132,118,125,130.1
–L“c,”ü—¢,‚È‚µ,–L“cŽs,‚‹´’†,,213,233,218,247,202,235,239,233,209,234,237,231,229,274,247,265,267,277,221.3,238.3
–L“c,”~’Ø‰w‘O,‚È‚µ,–L“cŽs,‰Ž“Š‘ä’†,,115,158,137,147,161,142,146,144,153,143,126,124,142,119,127,143,120,101,136.7,136
–L“c,‚È‚µ,‚È‚µ,–L“cŽs,“ìŽR‘Û’†,,,,,,,,,,,33,53,57,,,,67,110,121,#DIV/0!,73.5
–L“c,ò…‰w‘O,‚È‚µ,–L“cŽs,ò…’†,,217,215,245,225,221,215,205,150,183,182,145,123,,,,,,,225.7,193.8
Š ’J,’m—§–{,‚È‚µ,’m—§Žs,’m—§’†,,214,215,188,197,201,200,248,217,252,234,251,245,251,225,265,260,242,245,205.7,230.6
Š ’J,’m—§–{,‚È‚µ,’m—§Žs,’m—§“ì’†,,197,177,199,171,175,171,165,162,173,199,198,218,216,211,213,206,201,214,191,192.6
Š ’J,’m—§–{,‚È‚µ,’m—§Žs,—³–k’†,,247,233,237,264,228,246,231,225,236,230,243,227,196,229,216,221,191,203,239,227.9
Š ’J,Š ’J–{•”,‚È‚µ,Š ’JŽs,Š ’J“Œ’†,,211,249,195,209,202,197,215,219,181,219,212,233,215,243,229,219,259,215,218.3,217.9
Š ’J,Š ’J–{•”,‚È‚µ,Š ’JŽs,Šå‚ª‰¹’†,,258,290,283,282,250,270,251,258,270,277,280,250,311,288,335,244,290,282,277,276.1
Š ’J,Š ’J–{•”,–L–¾,Š ’JŽs,•xŽm¼’†,,194,195,170,193,220,189,171,181,191,205,203,197,222,235,222,216,209,208,186.3,201.2
Š ’J,Š ’J–{•”,‚È‚µ,Š ’JŽs,Š ’J“ì’†,,251,256,251,237,227,270,216,218,219,221,215,232,215,206,226,206,205,211,252.7,226.8
Š ’J,Š ’J–{•”,‚È‚µ,Š ’JŽs,ˆË²”ü’†,,242,234,245,220,225,208,272,223,251,263,255,266,260,254,210,203,237,206,240.3,237.4
Š ’J,Š ’J–{•”,“ŒŠ ’J‰w‘O,Š ’JŽs–ì“c’¬wŒË’r‚P‚T‚Q,’©“ú’†,,193,215,227,199,232,242,234,208,215,230,242,260,253,256,296,264,291,296,211.7,241.8
–L“c,ŽOD–{•”,‚È‚µ,‚Ý‚æ‚µŽs,ŽOD’†,,160,175,183,175,177,197,195,150,164,194,167,177,195,190,179,161,160,143,172.7,174.6
–L“c,ŽOD–{•”,‚È‚µ,‚Ý‚æ‚µŽs,‚Ý‚æ‚µ–k’†,,183,164,163,178,180,178,178,151,177,201,204,219,208,220,246,205,229,188,170,192.9
–L“c,ŽOD–{•”,Œ³’¬,‚Ý‚æ‚µŽs,‚Ý‚æ‚µ“ì’†,,123,119,125,129,120,115,114,112,139,145,124,119,119,118,125,132,109,103,122.3,121.7
–L“c,‚È‚µ,‚È‚µ,–L“cŽs,“¡‰ª’†,,81,75,69,58,80,77,92,84,86,91,110,95,114,132,130,279,299,258,75,122.8
–L“c,‚È‚µ,‚È‚µ,–L“cŽs,¬Œ´’†,,,22,,27,25,17,,,30,27,23,33,,32,29,36,33,28,22,27.8
–L“c,‚È‚µ,‚È‚µ,–L“cŽs,‘«•’†,,57,49,57,54,72,50,68,,56,51,60,58,63,77,86,75,80,75,54.3,64
–L“c,‚È‚µ,‚È‚µ,–L“cŽs,–L“cˆ®’†,,,,14,,10,20,,,,19,18,17,,,,,,36,14,19.1
–L“c,‚È‚µ,‚È‚µ,–L“cŽs,‰ºŽR’†,,,26,28,,25,36,,27,34,41,26,46,,40,49,,,63,27,36.8
–L“c,ŽOD–{•”,‚È‚µ,‚Ý‚æ‚µŽs,ŽOD‹u’†,,129,140,138,133,157,182,148,168,205,208,230,248,244,249,226,204,196,214,135.7,189.9
–L“c,‚È‚µ,‚È‚µ,–L“cŽs,“¡‰ª“ì’†,,92,110,125,100,118,104,98,115,120,101,142,115,139,154,134,,,,109,117.8
Š ’J,Š ’J–{•”,‚È‚µ,Š ’JŽsŽõ’¬‚T|‚P‚O‚P,Š ’J‚•‘®’†,,80,,,,,,,,,,,,,,,,,,80,80
‚È‚µ,‚È‚µ,‚È‚µ,–kÝŠyŒS,ˆî•’†,,,,,17,10,10,,,,16,12,22,,,,,,15,#DIV/0!,14.6
‚È‚µ,‚È‚µ,‚È‚µ,–kÝŠyŒS,ÝŠy’†,,,,,,,,,,,25,23,29,,33,37,31,,,#DIV/0!,29.7
‚È‚µ,‚È‚µ,‚È‚µ,–kÝŠyŒS,’Ã‹ï’†,,,,,,,,,,,4,8,10,,,,,,,#DIV/0!,7.3
‚È‚µ,‚È‚µ,‚È‚µ,–kÝŠyŒS,“Œ‰h’†,,,,21,14,17,22,,23,,14,20,26,,,,,,,21,19.6
‚È‚µ,‚È‚µ,‚È‚µ,–kÝŠyŒS,–Lª’†,,,,,,,,,,,4,11,13,,,,,,,#DIV/0!,9.3
‚È‚µ,‚È‚µ,‚È‚µ,VéŽs,ìŽè’†,,9,14,7,,,,,16,,13,21,22,,25,,,21,36,10,18.4
–L‹´,Vé,‚È‚µ,VéŽs,–P—ˆ’†,,63,68,66,,60,63,,,57,75,85,79,80,96,99,95,,112,65.7,78.4
‚È‚µ,‚È‚µ,‚È‚µ,–¼ŒÃ‰®ŽsçŽí‹æ,–¼‘å‹³ˆç•‘®,,80,80,,,,,,80,,,,,,80,,80,80,80,80,80
–¼ŒÃ‰®‘æ“ñ,çŽí–{•”,‚È‚µ,–¼ŒÃ‰®ŽsçŽí‹æ,U•á’†,,167,127,163,143,142,168,143,143,117,150,168,174,138,163,142,162,138,171,152.3,151.1
–¼ŒÃ‰®‘æ“ñ,çŽí–{•”,‰–•t,–¼ŒÃ‰®ŽsçŽí‹æ,–¼ŒÃ‰®éŽR’†,,191,180,182,185,166,189,172,175,155,173,179,149,156,182,167,139,128,130,184.3,166.6
–¼ŒÃ‰®‘æ˜Z,‰–•t,‚È‚µ,–¼ŒÃ‰®ŽsçŽí‹æ,¡’r’†,,61,62,70,69,66,69,68,69,63,65,70,72,61,80,90,79,78,65,64.3,69.8
–¼ŒÃ‰®‘æ“ñ,çŽí–{•”,‚È‚µ,–¼ŒÃ‰®ŽsçŽí‹æ,çŽí‘ä’†,,190,181,163,189,188,179,203,181,208,183,176,193,218,190,210,197,149,197,178,188.6
–¼ŒÃ‰®‘æ“ñ,çŽí–{•”,‚È‚µ,–¼ŒÃ‰®ŽsçŽí‹æ,çŽí’†,,100,105,108,102,128,101,89,85,92,84,104,124,114,106,119,89,105,117,104.3,104
–¼ŒÃ‰®‘æ“ñ,çŽí–{•”,‚È‚µ,–¼ŒÃ‰®ŽsçŽí‹æ,Žá…’†,,111,106,115,98,126,117,116,99,101,116,101,109,114,95,121,100,101,123,110.7,109.4
–¼ŒÃ‰®‘æŽl,ŽR‚ÌŽè,‚È‚µ,–¼ŒÃ‰®ŽsçŽí‹æ,’–ŽqÎ’†,,123,110,101,112,109,114,110,109,118,119,120,119,140,133,131,143,136,154,111.3,122.3
–¼ŒÃ‰®‘æ˜Z,“¡‚ª‹u–{•”,‚È‚µ,–¼ŒÃ‰®Žs–¼“Œ‹æ,’–‚’†,,221,229,198,196,208,199,203,200,185,202,225,216,231,213,208,217,240,218,216,211.6
–¼ŒÃ‰®‘æ˜Z,“¡‚ª‹u–{•”,‚È‚µ,–¼ŒÃ‰®Žs–¼“Œ‹æ,“¡X’†,,189,195,180,185,179,155,168,166,173,174,158,155,171,172,186,170,163,168,188,172.6
–¼ŒÃ‰®‘æ˜Z,–¼“Œ–{•”,‚È‚µ,–¼ŒÃ‰®Žs–¼“Œ‹æ,‚j‘ä’†,,208,194,217,221,207,220,228,219,220,244,249,259,230,251,273,289,320,260,206.3,239.4
–¼ŒÃ‰®‘æ˜Z,_‹u,–¼“Œ–{•”,–¼ŒÃ‰®Žs–¼“Œ‹æ,_‹u’†,,293,331,300,336,323,301,389,340,314,341,323,312,303,295,300,300,250,278,308,312.7
–¼ŒÃ‰®‘æŒÜ,‹vŽR,‚È‚µ,–¼ŒÃ‰®Žs–¼“Œ‹æ,–q‚Ì’r’†,,118,133,106,130,133,129,112,122,108,111,115,122,139,103,121,111,136,126,119,120.8
–¼ŒÃ‰®‘æŽl,ŽR‚ÌŽè,‚È‚µ,–¼ŒÃ‰®Žs–¼“Œ‹æ,—¬’†,,134,137,134,136,146,108,126,122,138,138,150,145,170,151,166,169,174,166,135,145
–¼ŒÃ‰®‘æ˜Z,“¡‚ª‹u–{•”,–¼“Œ–{•”,–¼ŒÃ‰®Žs–¼“Œ‹æ,ãŽÐ’†,,68,65,64,65,67,61,59,67,71,63,63,93,69,101,117,86,93,88,65.7,75.6
–¼ŒÃ‰®‘æ“ñ,çŽí–{•”,‚È‚µ,–¼ŒÃ‰®Žs“Œ‹æ‘åK“ì‚P|‚P‚Q‚U,ˆ¤‹³•–¼ŒÃ‰®’†,,133,151,160,150,157,158,152,160,160,172,172,162,173,166,164,166,166,173,148,160.8
–¼ŒÃ‰®‘æŽl,–öŒ´,‚È‚µ,–¼ŒÃ‰®Žs“Œ‹æ,–¼ŒÃ‰®÷‹u’†,,99,95,106,99,94,106,148,159,145,77,90,87,99,101,102,105,102,112,100,107
–¼ŒÃ‰®‘æŽl,–öŒ´,‚È‚µ,–¼ŒÃ‰®Žs“Œ‹æ,•yŽm’†,,187,172,163,157,138,140,136,120,132,114,146,141,121,120,128,138,129,124,174,139.2
–¼ŒÃ‰®‘æŽl,–öŒ´,‚È‚µ,–¼ŒÃ‰®Žs“Œ‹æ,‚ ‚¸‚Ü’†,,,,84,81,75,74,80,72,73,72,66,70,69,76,74,52,74,70,84,72.6
–¼ŒÃ‰®‘æ“ñ,çŽí–{•”,‚È‚µ,–¼ŒÃ‰®Žs“Œ‹æ,–î“c’†,,105,105,114,105,111,104,99,91,67,108,78,104,107,107,108,89,91,90,108,99.1
–¼ŒÃ‰®‘æŽl,–öŒ´,‚È‚µ,–¼ŒÃ‰®Žs–k‹æ,”ª‰¤Žq’†,,82,94,90,91,100,107,107,98,96,92,88,97,88,107,92,107,100,104,88.7,96.7
–¼ŒÃ‰®‘æŽl,•ì–{’Ê–{,‚È‚µ,–¼ŒÃ‰®Žs–k‹æ,Žu‰ê’†,,147,175,170,173,184,181,181,176,197,173,174,178,175,157,193,177,197,178,164,177
–¼ŒÃ‰®‘æŽl,•ì–{’Ê–{,‚È‚µ,–¼ŒÃ‰®Žs–k‹æ,–k—Ë’†,,173,173,192,193,191,185,186,180,216,200,219,208,112,197,215,221,,204,179.3,192.1
–¼ŒÃ‰®‘æŽl,–öŒ´,‚È‚µ,–¼ŒÃ‰®Žs–k‹æ,Žá—t’†,,,105,109,102,120,96,97,92,95,86,92,86,104,98,105,100,100,100,107,99.2
–¼ŒÃ‰®‘æŽl,VŽçŽR‰w‘O,‚È‚µ,–¼ŒÃ‰®Žs–k‹æ,‘å‘]ª’†,,,138,138,171,165,157,154,156,164,163,152,182,179,160,190,,,,138,162.1
 –¼ŒÃ‰®‘æˆê,–¡çú,‚È‚µ,–¼ŒÃ‰®Žs–k‹æ,“í’†,,203,210,210,189,235,203,212,210,218,213,223,223,251,228,251,240,256,252,207.7,223.7
 –¼ŒÃ‰®‘æˆê,–¡çú,‚È‚µ,–¼ŒÃ‰®Žs–k‹æ,–¼ŒÃ‰®–k’†,,133,131,148,145,150,143,139,140,156,154,189,188,189,191,235,180,199,209,137.3,167.7
–¼ŒÃ‰®‘æŽl,•ì–{’Ê–{,¬“cˆä–{•”,–¼ŒÃ‰®Žs¼‹æ,–¼’Ë’†,,198,186,186,243,180,193,193,183,189,178,175,182,159,176,170,183,163,177,190,184.1
–¼ŒÃ‰®‘æŽl,–öŒ´,‚È‚µ,–¼ŒÃ‰®Žs¼‹æ,òS’†,,157,170,170,130,140,122,120,125,123,137,129,135,153,139,163,130,175,133,165.7,141.7
–¼ŒÃ‰®‘æŽl,–öŒ´,‚È‚µ,–¼ŒÃ‰®Žs¼‹æ,“V_ŽR’†,,131,143,131,131,132,131,132,126,124,115,125,129,130,119,160,109,143,139,135,130.6
–¼ŒÃ‰®‘æŽl,–öŒ´,‚È‚µ,–¼ŒÃ‰®Žs¼‹æ,‹eˆä’†,,,64,58,64,40,68,34,60,47,52,60,51,49,73,58,62,56,,61,56
–¼ŒÃ‰®‘æˆê,¬“cˆä–{•”,‚È‚µ,–¼ŒÃ‰®Žs¼‹æ,ŽR“c’†,,177,180,192,189,200,202,196,251,222,240,251,259,254,270,265,272,266,250,183,229.8
–¼ŒÃ‰®‘æˆê,¬“cˆä–{•”,‚È‚µ,–¼ŒÃ‰®Žs¼‹æ,ŽR“c“Œ’†,,173,181,190,159,175,172,167,198,191,175,201,209,215,216,200,207,211,194,181.3,190.8
–¼ŒÃ‰®‘æˆê,¬“cˆä–{•”,‚È‚µ,–¼ŒÃ‰®Žs¼‹æ,•½“c’†,,93,96,89,91,124,103,98,98,98,101,93,100,91,86,95,97,86,88,92.7,95.9
 –¼ŒÃ‰®‘æˆê,–L‘–{•”,‚È‚µ,–¼ŒÃ‰®Žs’†‘º‹æ,ù“‡’†,,,20,23,24,29,18,,,24,21,30,34,,27,23,22,14,29,21.5,24.1
 –¼ŒÃ‰®‘æˆê,–L‘–{•”,‚È‚µ,–¼ŒÃ‰®Žs’†‘º‹æ,–L‘’†,,101,121,101,133,108,107,105,112,94,111,108,113,96,105,135,138,98,132,107.7,112.1
 –¼ŒÃ‰®‘æˆê,–L‘–{•”,‚È‚µ,–¼ŒÃ‰®Žs’†‘º‹æ,–L³’†,,185,154,175,165,181,153,158,142,170,173,167,169,212,170,187,209,212,218,171.3,177.8
 –¼ŒÃ‰®‘æˆê,–L‘–{•”,‚”¨,–¼ŒÃ‰®Žs’†‘º‹æ,Œä“c’†,,212,218,195,192,211,232,185,208,200,174,182,194,205,205,192,185,212,201,208.3,200.2
 –¼ŒÃ‰®‘æˆê,–L‘–{•”,‚È‚µ,–¼ŒÃ‰®Žs’†‘º‹æ,‹ˆ£’†,,69,64,69,52,64,62,67,70,61,61,61,57,80,68,78,76,57,80,67.3,66.4
 –¼ŒÃ‰®‘æˆê,–L‘–{•”,‚È‚µ,–¼ŒÃ‰®Žs’†‘º‹æ,‰©‹à’†,,46,51,54,53,55,61,59,62,61,59,61,58,59,72,70,67,67,79,50.3,60.8
 –¼ŒÃ‰®‘æˆê,–L‘–{•”,‚È‚µ,–¼ŒÃ‰®Žs’†‘º‹æ,“ú”ä’Ã’†,,120,133,155,125,118,116,126,102,117,120,139,154,115,120,137,155,125,125,136,127.9
–¼ŒÃ‰®‘æ˜Z,‰–•t,‚È‚µ,–¼ŒÃ‰®Žs’†‹æ,‘O’Ã’†,,48,56,48,55,46,46,44,51,60,30,53,41,58,65,58,86,57,87,50.7,54.9
–¼ŒÃ‰®‘æ˜Z,‰–•t,‚È‚µ,–¼ŒÃ‰®Žs’†‹æ,ˆÉ¨ŽR’†,,135,150,150,125,160,,,120,133,146,139,134,156,122,122,129,134,109,145,135.3
–¼ŒÃ‰®‘æ˜Z,‰–•t,‚È‚µ,–¼ŒÃ‰®Žs’†‹æ,”’ŽR’†,,,43,55,50,,,,,,45,51,46,37,32,34,,,,49,43.7
–¼ŒÃ‰®‘æŽl,–öŒ´,‚È‚µ,–¼ŒÃ‰®Žs’†‹æ,ŠÛ‚Ì“à’†,,,30,32,31,23,22,35,36,29,33,35,38,44,39,50,49,44,47,31,36.3
–¼ŒÃ‰®‘æ˜Z,‰–•t,‚È‚µ,–¼ŒÃ‰®Žsº˜a‹æ,–kŽR’†,,81,70,85,70,75,74,80,58,64,69,74,82,69,72,81,87,84,91,78.7,75.9
–¼ŒÃ‰®‘æ˜Z,‰–•t,‚È‚µ,–¼ŒÃ‰®Žsº˜a‹æ,ì–¼’†,,198,196,223,191,151,181,176,174,170,167,171,165,160,174,176,191,178,192,205.7,179.7
–¼ŒÃ‰®‘æ˜Z,‰–•t,‚È‚µ,–¼ŒÃ‰®Žsº˜a‹æ,‹î•û’†,,116,110,114,105,112,107,89,91,85,90,88,104,99,84,110,98,93,128,113.3,101.3
–¼ŒÃ‰®‘æ˜Z,‰–•t,‚È‚µ,–¼ŒÃ‰®Žsº˜a‹æ,‰~ã’†,,,72,75,75,71,74,74,66,65,65,66,84,70,81,76,71,79,76,73.5,72.9
–¼ŒÃ‰®‘æ˜Z,‰–•t,‚È‚µ,–¼ŒÃ‰®Žsº˜a‹æ,÷ŽR’†,,196,192,180,181,184,178,210,160,170,166,170,165,185,162,179,175,137,154,189.3,174.7
–¼ŒÃ‰®‘æ˜Z,“V”’,‚È‚µ,–¼ŒÃ‰®Žs“V”’‹æ,“V”’’†,,209,179,204,211,220,207,207,241,207,231,224,193,226,231,233,231,238,227,197.3,217.7
–¼ŒÃ‰®‘æ˜Z,“V”’,‚È‚µ,–¼ŒÃ‰®Žs“V”’‹æ,“ì“V”’’†,,92,72,79,86,88,79,59,68,67,68,81,68,71,70,75,80,71,99,81,76.3
–¼ŒÃ‰®‘æ˜Z,Œ´‰w‘O,“¿d–{,–¼ŒÃ‰®Žs“V”’‹æ,•½j’†,,,139,145,149,148,149,167,145,131,147,163,158,136,169,162,158,177,175,142,154
–¼ŒÃ‰®‘æ˜Z,“V”’,‚È‚µ,–¼ŒÃ‰®Žs“V”’‹æ,ŒäKŽR’†,,168,196,209,185,184,198,199,209,198,195,218,228,226,215,240,209,231,189,191,205.4
–¼ŒÃ‰®‘æ˜Z,“V”’,‚È‚µ,–¼ŒÃ‰®Žs“V”’‹æ,‹v•û’†,,105,82,102,107,88,93,104,106,92,106,127,107,140,113,127,127,122,140,96.3,110.4
–¼ŒÃ‰®‘æ˜Z,Œ´‰w‘O,‚È‚µ,–¼ŒÃ‰®Žs“V”’‹æ,A“c’†,,297,298,283,320,286,237,297,320,335,346,337,352,311,359,380,358,325,376,292.7,323.2
–¼ŒÃ‰®‘æ˜Z,Œ´‰w‘O,“V”’,–¼ŒÃ‰®Žs“V”’‹æ,–¼ŒÃ‰®Œ´’†,,150,141,131,151,140,165,151,125,150,162,164,168,150,180,170,177,175,172,140.7,156.8
–¼ŒÃ‰®‘æŽO,÷–{’¬–{•”,‚È‚µ,–¼ŒÃ‰®Žs•ä‹æ,”‹ŽR’†,,277,259,273,256,231,246,211,230,226,231,239,243,234,255,247,219,242,233,269.7,241.8
–¼ŒÃ‰®‘æ˜Z,‰–•t,‚È‚µ,–¼ŒÃ‰®Žs•ä‹æ,•äƒP‹u’†,,88,106,67,109,,79,,,117,84,95,84,75,90,79,104,65,80,87,88.1
–¼ŒÃ‰®‘æŽO,÷–{’¬–{•”,‚È‚µ,–¼ŒÃ‰®Žs•ä‹æ,“cŒõ’†,,79,75,96,85,117,86,114,158,105,95,91,80,96,87,93,76,82,91,83.3,94.8
–¼ŒÃ‰®‘æ˜Z,‰–•t,‚È‚µ,–¼ŒÃ‰®Žs•ä‹æ,Ž¬˜H’†,,160,182,183,170,,,145,160,143,146,163,195,172,181,187,200,177,198,175,172.6
–¼ŒÃ‰®‘æŽO,÷–{’¬–{•”,‚È‚µ,–¼ŒÃ‰®Žs•ä‹æ,’Ã‰ê“c’†,,131,113,129,112,113,,,106,97,111,109,114,103,108,105,119,124,106,124.3,112.5
–¼ŒÃ‰®‘æ˜Z,Žµ”Ô’¬,‚È‚µ,–¼ŒÃ‰®Žs”M“c‹æ,“ú”ä–ì’†,,178,218,205,202,182,189,191,188,219,212,212,217,251,214,235,211,196,225,200.3,208.1
–¼ŒÃ‰®‘æ˜Z,‘¾•½’Ê,‚È‚µ,–¼ŒÃ‰®Žs’†ì‹æ,–¼ŒÃ‰®”ª”¦’†,,115,91,115,86,110,115,96,93,98,86,85,105,106,100,128,111,105,118,107,103.5
–¼ŒÃ‰®‘æˆê,‚”¨,‚È‚µ,–¼ŒÃ‰®Žs’†ì‹æ,ˆê–ö’†,,217,253,218,244,242,258,246,233,228,228,224,259,257,248,271,248,254,240,229.3,242.7
–¼ŒÃ‰®‘æ˜Z,Žµ”Ô’¬,‚È‚µ,–¼ŒÃ‰®Žs’†ì‹æ,ŽR‰¤’†,,90,96,86,91,120,89,97,105,103,113,116,120,120,85,108,87,92,88,90.7,100.3
–¼ŒÃ‰®‘æ˜Z,‘¾•½’Ê,‚È‚µ,–¼ŒÃ‰®Žs’†ì‹æ,’·—Ç’†,,222,272,216,231,290,254,248,234,289,264,266,274,294,282,281,290,311,306,236.7,268
–¼ŒÃ‰®‘æ˜Z,‘¾•½’Ê,Žµ”Ô’¬,–¼ŒÃ‰®Žs’†ì‹æ,º˜a‹´’†,,129,138,127,126,138,149,127,135,138,122,135,120,122,128,112,123,120,122,131.3,128.4
–¼ŒÃ‰®‘æˆê,‚”¨,“ì—z–{,–¼ŒÃ‰®Žs’†ì‹æ,–¼ŒÃ‰®ˆêF’†,,111,103,105,105,97,119,95,105,110,84,119,113,103,103,112,138,116,125,106.3,109.1
–¼ŒÃ‰®‘æˆê,‚”¨,ŠI]‰w‘O,–¼ŒÃ‰®Žs’†ì‹æ,•x“c’†,,93,110,98,103,99,122,117,114,118,127,117,103,130,177,170,148,186,164,100.3,127.6
–¼ŒÃ‰®‘æˆê,‚”¨,ŠI]‰w‘O,–¼ŒÃ‰®Žs’†ì‹æ,‚Í‚Æ‚è’†,,229,250,235,239,261,244,264,250,320,307,312,327,329,280,321,279,315,324,238,282.6
–¼ŒÃ‰®‘æˆê,‚”¨,“ì—z–{,–¼ŒÃ‰®Žs’†ì‹æ,•Œõ’†,,92,97,107,107,96,108,105,103,90,111,136,100,100,135,97,130,134,122,98.7,109.4
–¼ŒÃ‰®‘æˆê,‚”¨,ŠI]‰w‘O,–¼ŒÃ‰®Žs’†ì‹æ,‹Ÿ•Ä“c’†,,195,199,186,189,192,196,211,205,181,173,204,191,222,236,195,183,181,185,193.3,195.8
–¼ŒÃ‰®‘æˆê,‚”¨,‚È‚µ,–¼ŒÃ‰®Žs’†ì‹æ,‚™’†,,123,99,129,122,105,130,126,128,155,138,136,162,159,158,175,163,175,193,117,143.1
–¼ŒÃ‰®‘æ˜Z,Žµ”Ô’¬,‚È‚µ,–¼ŒÃ‰®Žs`‹æ,“Œ`’†,,104,126,133,151,151,192,183,169,205,185,177,171,200,175,202,244,243,251,121,181.2
–¼ŒÃ‰®‘æˆê,“–’m,‚È‚µ,–¼ŒÃ‰®Žs`‹æ,`–k’†,,,131,107,121,108,160,151,125,140,117,144,133,155,138,180,165,141,156,119,139.5
–¼ŒÃ‰®‘æˆê,“–’m,‚È‚µ,–¼ŒÃ‰®Žs`‹æ,`“ì’†,,121,146,144,156,154,181,179,179,205,210,203,238,218,250,217,244,194,188,137,190.4
–¼ŒÃ‰®‘æˆê,“ì—z–{,‚È‚µ,–¼ŒÃ‰®Žs`‹æ,–¼ŒÃ‰®“ì—z’†,,176,207,194,188,207,207,210,193,215,203,202,200,221,235,230,244,235,228,192.3,210.8
–¼ŒÃ‰®‘æˆê,“ì—z–{,‚È‚µ,–¼ŒÃ‰®Žs`‹æ,–¼ŒÃ‰®“ì—z“Œ,,96,87,78,81,63,65,80,72,65,60,84,69,69,72,65,79,84,89,87,75.4
–¼ŒÃ‰®‘æˆê,“–’m,‚È‚µ,–¼ŒÃ‰®Žs`‹æ,•ó_’†,,166,177,210,182,216,220,211,216,204,209,188,183,217,206,206,210,217,187,184.3,201.4
–¼ŒÃ‰®‘æˆê,“–’m,‚È‚µ,–¼ŒÃ‰®Žs`‹æ,“–’m’†,,113,144,126,124,147,145,134,138,132,140,153,162,130,160,160,146,169,196,127.7,145.5
–¼ŒÃ‰®‘æ˜Z,Žµ”Ô’¬,‚È‚µ,–¼ŒÃ‰®Žs`‹æ,`–¾’†,,85,87,105,107,108,107,101,116,96,110,112,104,110,104,127,119,124,138,92.3,108.9
–¼ŒÃ‰®‘æŽO,÷–{’¬–{•”,‚È‚µ,–¼ŒÃ‰®Žs“ì‹æ,–¼“ì’†,,,94,77,84,128,100,68,69,96,96,108,113,117,105,104,139,133,150,85.5,104.8
–¼ŒÃ‰®‘æŽO,÷–{’¬–{•”,‚È‚µ,–¼ŒÃ‰®Žs“ì‹æ,“ìŒõ’†,,102,130,120,120,102,136,131,135,139,129,142,166,110,104,150,194,176,213,117.3,138.8
–¼ŒÃ‰®‘æŽO,÷–{’¬–{•”,Žµ”Ô’¬,–¼ŒÃ‰®Žs“ì‹æ,‘å]’†,,,130,134,115,140,129,107,118,140,132,146,160,144,173,157,166,141,150,132,140.1
–¼ŒÃ‰®‘æŽO,÷–{’¬–{•”,‚È‚µ,–¼ŒÃ‰®Žs“ì‹æ,Vx’†,,102,110,96,122,89,102,102,101,91,88,84,90,73,83,100,112,101,101,102.7,97.1
–¼ŒÃ‰®‘æŽO,÷–{’¬–{•”,‚È‚µ,–¼ŒÃ‰®Žs“ì‹æ,–{é’†,,186,187,197,169,188,162,162,188,179,203,189,205,196,186,214,189,189,202,190,188.4
–¼ŒÃ‰®‘æŽO,÷–{’¬–{•”,‚È‚µ,–¼ŒÃ‰®Žs“ì‹æ,÷“c’†,,192,183,191,179,199,179,176,158,175,173,152,146,165,172,180,179,176,164,188.7,174.4
–¼ŒÃ‰®‘æŽO,÷–{’¬–{•”,‚È‚µ,–¼ŒÃ‰®Žs“ì‹æ,–¾–L’†,,85,85,82,81,102,110,122,103,127,103,147,170,176,182,194,177,190,175,84,133.9
–¼ŒÃ‰®‘æŽl,VŽçŽR‰w‘O,‚È‚µ,–¼ŒÃ‰®ŽsŽçŽR‹æ,ŽçŽR’†,,136,238,253,247,246,267,220,240,210,236,229,235,222,227,247,234,238,222,209,230.4
–¼ŒÃ‰®‘æŽl,‹gª,‘åX–{,–¼ŒÃ‰®ŽsŽçŽR‹æ,ŽçŽR–k’†,,133,126,130,151,148,140,120,118,167,129,140,137,156,134,141,115,115,134,129.7,135.2
–¼ŒÃ‰®‘æŽl,‘åX–{,‚È‚µ,–¼ŒÃ‰®ŽsŽçŽR‹æ,ŽçŽR“Œ’†,,202,209,220,224,206,217,212,240,250,242,234,232,248,240,231,238,210,220,210.3,226.4
–¼ŒÃ‰®‘æŽl,VŽçŽR‰w‘O,‚È‚µ,–¼ŒÃ‰®ŽsŽçŽR‹æ,ŽçŽR¼’†,,226,230,222,283,243,279,280,240,250,259,254,325,269,326,317,293,281,319,226,272
–¼ŒÃ‰®‘æŽl,‘åX–{,‚È‚µ,–¼ŒÃ‰®ŽsŽçŽR‹æ,‘åX’†,,144,197,180,184,154,190,166,155,164,165,182,186,196,188,221,202,200,209,173.7,182.4
–¼ŒÃ‰®‘æŽl,‹gª,‚È‚µ,–¼ŒÃ‰®ŽsŽçŽR‹æ,Žu’i–¡’†,,339,339,290,280,297,256,248,181,180,158,120,139,305,281,229,192,194,172,322.7,233.3
–¼ŒÃ‰®‘æ˜Z,“¡‚ª‹u–{•”,‚È‚µ,–¼ŒÃ‰®ŽsŽçŽR‹æ,XF’†,,65,75,88,93,77,90,94,87,97,109,92,145,114,126,172,154,139,164,76,110.1
–¼ŒÃ‰®‘æŽO,Ž­ŽR–{•”,‚È‚µ,–¼ŒÃ‰®Žs—Î‹æ,–ÂŠC’†,,176,171,172,184,195,178,179,178,159,157,154,148,176,146,153,183,156,172,173,168.7
–¼ŒÃ‰®‘æŽO,“¿d–{,‚È‚µ,–¼ŒÃ‰®Žs—Î‹æ,î‘ä’†,,251,243,234,278,237,265,238,214,228,222,241,239,207,248,230,227,263,267,242.7,240.7
–¼ŒÃ‰®‘æŽO,Ž­ŽR–{•”,‚È‚µ,–¼ŒÃ‰®Žs—Î‹æ,ç’¹‹u’†,,129,146,137,129,127,120,124,107,119,133,103,101,123,115,105,128,136,121,137.3,122.4
–¼ŒÃ‰®‘æŽO,‘êƒm…,Ž­ŽR–{•”,–¼ŒÃ‰®Žs—Î‹æ,‘êƒm…’†,,212,196,224,220,209,287,265,250,306,292,295,315,299,344,338,326,345,329,210.7,280.7
–¼ŒÃ‰®‘æŽO,‘êƒm…,‚È‚µ,–¼ŒÃ‰®Žs—Î‹æ,_‘ò’†,,217,165,191,159,205,181,161,182,166,185,192,192,199,200,200,199,223,207,191,190.2
–¼ŒÃ‰®‘æŽO,Ž­ŽR–{•”,‚È‚µ,–¼ŒÃ‰®Žs—Î‹æ,–¼ŒÃ‰®“Œ—Ë’†,,200,200,226,199,170,189,184,159,165,168,148,153,143,172,145,162,151,165,208.7,172.2
Š ’J,‹¤˜a‰w‘O,Ž­ŽR–{•”,–¼ŒÃ‰®Žs—Î‹æ,—L¼’†,,292,278,327,325,332,355,346,354,340,366,297,314,305,250,250,256,243,219,299,302.7
Š ’J,‹¤˜a‰w‘O,Ž­ŽR–{•”,–¼ŒÃ‰®Žs—Î‹æ,‘å‚’†,,306,293,284,288,273,230,244,204,201,196,188,194,177,216,195,197,197,207,294.3,227.2
–¼ŒÃ‰®‘æŽO,Ž­ŽR–{•”,‚È‚µ,–¼ŒÃ‰®Žs—Î‹æ,–ÂŽq‘ä’†,,145,149,148,118,160,105,117,120,129,119,146,130,156,131,144,125,127,147,147.3,134.2
–¼ŒÃ‰®‘æ˜Z,Žµ”Ô’¬,‘¾•½’Ê,–¼ŒÃ‰®Žs”M“c‹æ,‘òã’†,,105,100,112,109,92,,103,97,90,96,97,92,111,105,85,89,79,98,105.7,97.6
–¼ŒÃ‰®‘æ˜Z,Žµ”Ô’¬,‚È‚µ,–¼ŒÃ‰®Žs”M“c‹æ,‹{’†,,97,105,83,110,112,102,84,103,88,90,92,91,94,105,98,108,99,133,95,99.7
–¼ŒÃ‰®‘æ˜Z,_‹u,‚È‚µ,–¼ŒÃ‰®ŽsçŽí‹æ,“Œ¯’†,,138,169,165,181,170,,164,,165,118,166,147,159,132,130,140,132,112,157.3,149.3
–¼ŒÃ‰®‘æŽO,Ž­ŽR–{•”,‚È‚µ,–¼ŒÃ‰®Žs—Î‹æ,¶‹žŽR’†,,129,133,120,126,129,128,110,115,129,124,146,144,114,141,150,144,136,140,127.3,131
–¼ŒÃ‰®‘æŽO,‘êƒm…,‚È‚µ,–¼ŒÃ‰®Žs—Î‹æ,Š™‘q‘ä’†,,139,162,169,161,160,170,173,144,163,182,148,155,145,132,117,106,124,113,156.7,147.9
–¼ŒÃ‰®‘æŽO,“¿d–{,‚È‚µ,–¼ŒÃ‰®Žs—Î‹æ,_‚Ì‘q’†,,203,224,191,217,233,238,238,233,278,296,307,289,290,294,282,205,150,114,206,237.9
‚È‚µ,‚È‚µ,‚È‚µ,–¼ŒÃ‰®ŽsçŽí‹æ,šŽR—Šw‰€’†,,,,,206,202,206,232,,,255,254,226,,,250,,250,210,#DIV/0!,229.1
‚È‚µ,‚È‚µ,‚È‚µ,–¼ŒÃ‰®ŽsçŽí‹æ,ˆ¤H‘å–¼“d’†,,,,,,,,,,,104,118,114,,,,109,140,107,#DIV/0!,115.3
‚È‚µ,‚È‚µ,‚È‚µ,–¼ŒÃ‰®ŽsçŽí‹æ,ˆ¤’mi“¿’†,,,,,,,,,,,284,286,276,,281,,,,,#DIV/0!,281.8
‚È‚µ,‚È‚µ,‚È‚µ,–¼ŒÃ‰®ŽsçŽí‹æ,–¼Œo‘åŽsçµ’†,,,,,,,,,,,42,42,35,,,,80,,,#DIV/0!,49.8
‚È‚µ,‚È‚µ,‚È‚µ,–¼ŒÃ‰®Žs“Œ‹æ,‹àéŠw‰@’†,,,331,321,,306,,,,,340,324,325,,,43,,,,326,284.3
‚È‚µ,‚È‚µ,‚È‚µ,–¼ŒÃ‰®Žs“Œ‹æ,“ŒŠC’†,,,,,,,,,,,,,,,,,397,400,,#DIV/0!,398.5
‚È‚µ,‚È‚µ,‚È‚µ,–¼ŒÃ‰®Žs“Œ‹æ,–¼ŒÃ‰®Šw‰@’†,,,,,,,,,,,,,,,,,,200,,#DIV/0!,200
‚È‚µ,‚È‚µ,‚È‚µ,–¼ŒÃ‰®Žsº˜a‹æ,“ìŽR’jŽq•”,,,200,,,,204,,,,150,150,150,,,,200,,197,200,178.7
‚È‚µ,‚È‚µ,‚È‚µ,–¼ŒÃ‰®Žs•ä‹æ,–¼ŒÃ‰®—‘å’†,,,,,,,,,,,33,49,43,,,,,158,,#DIV/0!,70.8
‚È‚µ,‚È‚µ,‚È‚µ,–¼ŒÃ‰®Žs•ä‹æ,–¼Œo‘å‚‘ ’†,,,,,,,,,,,31,33,32,,,59,50,61,61,#DIV/0!,46.7
‚È‚µ,‚È‚µ,‚È‚µ,–¼ŒÃ‰®ŽsçŽí‹æ,ˆ¤’m’†,,,,,161,197,,,,,160,186,164,210,,,163,,157,#DIV/0!,174.8
‚È‚µ,‚È‚µ,‚È‚µ,–¼ŒÃ‰®Žs,–¼ŒÃ‰®‘Û’†,,,99,,81,,85,78,,,101,82,75,,,72,,,110,99,87
‚È‚µ,‚È‚µ,‚È‚µ,–¼ŒÃ‰®Žs“Œ‹æ,–¼ŒÃ‰®’†,,,,261,,,,,267,,232,,,,257,248,241,239,,261,249.3
‚È‚µ,‚È‚µ,‚È‚µ,–¼ŒÃ‰®Žs’†‘º‹æ,¯žÊ–¼ŒÃ‰®’†,,,,,,,,69,,69,56,74,78,,,,,,,#DIV/0!,69.2
–¼ŒÃ‰®‘æŽl,‹gª,‚È‚µ,–¼ŒÃ‰®ŽsŽçŽR‹æ,‹gª’†,,176,193,220,224,222,198,209,209,245,212,230,198,,,,,,,196.3,211.3
‚È‚µ,‚È‚µ,‚È‚µ,,ˆ¤’m’©‘N’†‹‰ŠwZ,,,,,,,,21,,,,,24,,,,,,,#DIV/0!,22.5
–¼ŒÃ‰®‘æŽµ,t“úˆä–{•”,‚È‚µ,t“úˆäŽs,t“úˆä’†•”’†,,364,381,360,369,362,382,360,320,323,335,335,343,330,337,332,339,328,294,368.3,344.1
–¼ŒÃ‰®‘æŽµ,t“úˆä–{•”,‚È‚µ,t“úˆäŽs,t“úˆä“Œ•”’†,,202,225,238,187,207,192,212,208,199,235,227,210,271,231,256,260,233,223,221.7,223.1
–¼ŒÃ‰®‘æŽµ,’©‹{,‚È‚µ,t“úˆäŽs,t“úˆä¼•”’†,,283,258,281,287,272,303,276,267,320,328,312,342,349,373,338,339,334,359,274,312.3
–¼ŒÃ‰®‘æŽµ,t“úˆä–{•”,‚È‚µ,t“úˆäŽs,â‰º’†,,127,107,114,130,133,114,124,126,117,131,149,144,149,138,155,158,148,147,116,133.9
–¼ŒÃ‰®‘æŽµ,t“úˆä–{•”,‚È‚µ,t“úˆäŽs,‚‘ Ž›’†,,221,242,270,285,259,242,277,240,276,238,254,237,228,216,195,190,193,194,244.3,236.5
–¼ŒÃ‰®‘æŽµ,t“úˆä–{•”,‚È‚µ,t“úˆäŽs,“¡ŽR‘ä’†,,60,55,75,88,64,76,62,74,,72,91,96,96,96,99,98,107,,63.3,81.8
–¼ŒÃ‰®‘æŽµ,t“úˆä–{•”,‚È‚µ,t“úˆäŽs,‚X‘ä’†,,99,92,94,105,93,109,,,,132,120,125,135,123,146,153,136,,95,118.7
–¼ŒÃ‰®‘æŽµ,’©‹{,–¡çú,t“úˆäŽs,’m‘½’†,,148,191,197,179,183,170,170,166,157,177,168,174,177,170,183,177,169,179,178.7,174.2
–¼ŒÃ‰®‘æŽµ,’©‹{,¬–q–{•”,t“úˆäŽs,‘é—ˆ’†,,179,179,172,176,193,175,194,194,214,167,232,202,197,198,165,194,189,158,176.7,187.7
–¼ŒÃ‰®‘æŽµ,’©‹{,t“úˆä–{•”,t“úˆäŽs,¼Œ´’†,,199,155,185,190,185,195,160,183,204,183,209,203,201,227,214,214,201,195,179.7,194.6
–¼ŒÃ‰®‘æŽµ,t“úˆä–{•”,‚È‚µ,t“úˆäŽs,”Œ´’†,,244,210,244,208,224,237,244,216,234,246,226,269,247,277,248,249,272,243,232.7,241
 –¼ŒÃ‰®‘æˆê,–¡çú,‚È‚µ,t“úˆäŽs,–¡”ü’†,,72,73,72,67,71,91,79,81,82,94,97,89,98,84,79,105,86,84,72.3,83.6
–¼ŒÃ‰®‘æŽµ,t“úˆä–{•”,‚È‚µ,t“úˆäŽs,“ìé’†,,289,264,268,270,272,289,299,297,280,317,304,314,260,228,203,205,189,199,273.7,263.7
–¼ŒÃ‰®‘æŽµ,t“úˆä–{•”,‚È‚µ,t“úˆäŽs,Î”ö‘ä’†,,110,112,115,118,116,127,147,127,129,136,130,132,150,136,113,,113,116,112.3,125.1
–¼ŒÃ‰®‘æŽµ,t“úˆä–{•”,‚È‚µ,t“úˆäŽs,Šâ¬‘ä’†,,80,75,80,72,87,87,84,90,89,80,93,119,114,102,117,118,110,121,78.3,95.4
–¼ŒÃ‰®‘æŽµ,‚È‚µ,‚È‚µ,t“úˆäŽs,t“ú‹u’†,,,,,,,,,,,102,106,85,,,107,82,,,#DIV/0!,96.4
–¼ŒÃ‰®‘æŽµ,”ö’£ˆ®–{•”,‚È‚µ,”ö’£ˆ®Žs,”ö’£ˆ®’†,,272,279,260,282,272,303,294,303,309,301,313,338,300,306,259,254,254,246,270.3,285.8
–¼ŒÃ‰®‘æŽµ,”ö’£ˆ®–{•”,‚È‚µ,”ö’£ˆ®Žs,”ö’£ˆ®“Œ’†,,250,240,264,268,271,252,264,237,255,217,272,269,283,273,283,265,265,135,251.3,253.5
–¼ŒÃ‰®‘æŽµ,”ö’£ˆ®–{•”,‚È‚µ,”ö’£ˆ®Žs,”ö’£ˆ®¼’†,,216,208,211,242,242,246,226,254,208,243,234,245,227,259,239,231,232,191,211.7,230.8
–¼ŒÃ‰®‘æŒÜ,‚È‚µ,‚È‚µ,£ŒËŽs,‘c“Œ’†,,,,,,,,46,67,57,43,69,62,,,72,,,,#DIV/0!,59.4
–¼ŒÃ‰®‘æŒÜ,£ŒËŒû‰w‘O,‚È‚µ,£ŒËŽs,…–³£’†,,166,174,202,187,171,203,192,226,214,210,217,206,170,177,184,,185,170,180.7,191.4
–¼ŒÃ‰®‘æŒÜ,‚È‚µ,‚È‚µ,£ŒËŽs,–{ŽR’†,,,,,,,,3,0,15,46,30,28,,60,50,,,,#DIV/0!,29
–¼ŒÃ‰®‘æŒÜ,V£ŒË,‚È‚µ,£ŒËŽs,“ìŽR’†,,245,273,260,255,297,332,330,293,351,327,309,349,306,337,323,320,312,300,259.3,306.6
–¼ŒÃ‰®‘æŒÜ,£ŒËŒû‰w‘O,‚È‚µ,£ŒËŽs,”¦ŽR’†,,174,195,159,168,183,183,183,184,183,184,176,221,176,178,218,206,223,,176,187.9
–¼ŒÃ‰®‘æŒÜ,‚È‚µ,‚È‚µ,£ŒËŽs,•i–ì’†,,,85,84,87,74,94,82,91,86,78,76,93,81,91,90,91,85,,84.5,85.5
–¼ŒÃ‰®‘æŒÜ,£ŒËŒû‰w‘O,‚È‚µ,£ŒËŽs,Œõ—Ë’†,,,50,73,67,72,84,73,81,85,90,101,90,,118,,121,108,,61.5,86.6
–¼ŒÃ‰®‘æŒÜ,V£ŒË,‚È‚µ,£ŒËŽs,…–ì’†,,184,221,201,172,192,195,166,170,147,167,160,160,160,194,163,167,167,167,202,175.2
–¼ŒÃ‰®‘æŒÜ,‚È‚µ,‚È‚µ,£ŒËŽs,¹—ì’†,,,200,,,,,200,200,183,186,158,160,,,197,,216,,200,188.9
–¼ŒÃ‰®‘æŒÜ,‚È‚µ,‚È‚µ,£ŒËŽs,‚É‚¶‚Ì‹u’†,,,113,101,108,111,87,,,,,,,,,,,,,107,104
Š ’J,–L–¾,‚È‚µ,–L–¾Žs,–L–¾’†,,212,207,201,207,195,199,199,177,197,196,227,213,252,234,228,229,207,247,206.7,212.6
Š ’J,–L–¾,‚È‚µ,–L–¾Žs,ŒBŠ|’†,,191,199,175,204,179,201,206,242,224,234,225,228,256,258,254,253,237,230,188.3,222
Š ’J,–L–¾,‚È‚µ,–L–¾Žs,‰h’†,,177,185,170,173,181,169,192,194,207,234,204,224,192,219,224,196,201,185,177.3,195.9
Š ’J,‚È‚µ,‚È‚µ,–L–¾Žs,¯é’†,,,32,,,,,,21,26,18,28,21,,,,,,,32,24.3
’Ã“‡‘æˆê,’Ã“‡–{•”,‚È‚µ,’Ã“‡Žs,“¡˜Q’†,,88,92,127,122,129,133,156,137,167,151,178,177,182,193,176,174,173,183,102.3,152.1
’Ã“‡‘æˆê,’Ã“‡–{•”,‚È‚µ,’Ã“‡Žs,“V‰¤’†,,85,106,90,112,113,104,126,118,126,149,157,145,151,188,165,150,160,163,93.7,133.8
’Ã“‡‘æˆê,’Ã“‡–{•”,‚È‚µ,’Ã“‡Žs,_Žç’†,,,141,171,149,179,185,158,160,155,100,176,170,179,207,192,194,201,241,156,174
’Ã“‡‘æˆê,’Ã“‡–{•”,‚È‚µ,’Ã“‡Žs,‹Å’†,,89,107,112,133,103,133,118,119,129,129,135,147,173,157,168,152,171,147,102.7,134.6
–¼ŒÃ‰®‘æŒÜ,‹vŽR,‚È‚µ,“úiŽs,“úi–k’†,,165,189,183,149,161,141,137,121,145,120,125,101,112,105,63,,,,179,134.5
–¼ŒÃ‰®‘æŒÜ,“úi–{•”,‚È‚µ,“úiŽs,“úi’†,,242,246,240,240,276,285,222,227,227,222,232,232,216,209,209,256,219,200,242.7,233.3
–¼ŒÃ‰®‘æŒÜ,‹vŽR,‚È‚µ,“úiŽs,“úi¼’†,,293,324,273,291,302,273,303,296,293,299,267,314,295,308,315,372,324,320,296.7,303.4
–¼ŒÃ‰®‘æŒÜ,“úi–{•”,‚È‚µ,“úiŽs,“úi“Œ’†,,270,277,208,218,210,215,200,208,204,204,222,232,208,258,258,248,242,210,251.7,227.3
–¼ŒÃ‰®‘æŒÜ,“úi–{•”,‚È‚µ,ˆ¤’mŒS,ˆ¤’mŒS“Œ‹½’†,,149,146,147,148,154,144,142,150,156,131,159,170,151,144,168,149,146,150,147.3,150.2
–¼ŒÃ‰®‘æŒÜ,“úi–{•”,‚È‚µ,ˆ¤’mŒS,t–Ø’†,,246,241,267,248,244,233,249,186,250,256,235,255,279,263,232,226,228,185,251.3,240.2
–¼ŒÃ‰®‘æŒÜ,“úi–{•”,‚È‚µ,ˆ¤’mŒS,”—Ö’†,,76,55,76,74,82,105,95,75,87,79,79,75,70,98,70,71,58,,69,77.9
–¼ŒÃ‰®‘æŽµ,’·‹vŽè–{•”,“¡‚ª‹u–{•”,’·‹vŽèŽs,’·‹vŽè’†,,176,166,184,152,163,136,145,127,115,115,149,127,123,123,123,213,203,203,175.3,152.4
–¼ŒÃ‰®‘æŽµ,’·‹vŽè–{•”,‚È‚µ,’·‹vŽèŽs,’·‹vŽè“ì’†,,278,272,282,299,299,276,245,251,250,256,228,229,206,195,174,256,242,230,277.3,248.2
–¼ŒÃ‰®‘æŽµ,’·‹vŽè–{•”,“¡‚ª‹u–{•”,’·‹vŽèŽs,’·‹vŽè–k’†,,241,243,227,249,203,201,186,207,192,186,177,200,170,170,195,,,,237,203.1
’Ã“‡‘æ“ñ,”ü˜a,‚È‚µ,‚ ‚ÜŽs,”ü˜a’†,,208,222,231,226,250,231,217,220,241,236,196,249,238,216,264,202,233,226,220.3,228.1
’Ã“‡‘æˆê,r–ÚŽ›,‚È‚µ,‚ ‚ÜŽs,r–ÚŽ›’†,,237,212,205,245,237,193,232,175,230,220,219,239,238,240,241,212,216,,218,223
’Ã“‡‘æˆê,r–ÚŽ›,‚È‚µ,‚ ‚ÜŽs,r–ÚŽ›“ì’†,,159,142,,188,161,211,184,185,210,204,215,230,198,200,203,191,181,,150.5,191.4
’Ã“‡‘æˆê,ŠI]‰w‘O,‚È‚µ,ŠC•”ŒS,ŠI]’†,,164,173,172,169,170,196,166,176,194,172,186,194,196,195,218,214,230,237,169.7,190.1
’Ã“‡‘æˆê,ŠI]‰w‘O,‚È‚µ,ŠC•”ŒS,ŠI]–k’†,,131,133,126,148,140,145,142,114,122,130,119,127,134,127,141,141,138,140,130,133.2
’Ã“‡‘æˆê,–í•x‰w‘O,‚È‚µ,–í•xŽs,–í•x’†,,212,210,265,197,208,190,201,197,194,210,207,210,222,196,234,207,158,220,229,207.7
’Ã“‡‘æˆê,–í•x‰w‘O,‚È‚µ,–í•xŽs,–í•x–k’†,,114,142,125,138,128,137,150,168,156,145,157,182,140,169,171,155,152,136,127,148.1
’Ã“‡‘æˆê,’Ã“‡–{•”,‚È‚µ,ˆ¤¼Žs,²‰®’†,,146,163,180,184,169,154,202,187,189,186,252,241,280,308,264,257,227,240,163,212.7
’Ã“‡‘æˆê,’Ã“‡–{•”,‚È‚µ,ˆ¤¼Žs,‰i˜a’†,,,65,63,62,74,66,84,57,76,88,64,78,77,71,70,80,81,,64,72.3
’Ã“‡‘æˆê,’Ã“‡–{•”,‚È‚µ,ˆ¤¼Žs,²D’†,,78,94,90,101,103,90,93,102,115,125,120,117,110,106,106,83,114,106,87.3,102.9
’Ã“‡‘æˆê,’Ã“‡–{•”,‚È‚µ,ˆ¤¼Žs,²D¼’†,,76,73,103,89,94,91,95,93,126,120,118,147,134,138,131,119,124,117,84,110.4
’Ã“‡‘æˆê,Žµ•ó,‚È‚µ,‚ ‚ÜŽs,Žµ•ó’†,,119,103,143,127,128,142,139,139,155,154,168,157,189,169,174,167,163,147,121.7,149.1
’Ã“‡‘æˆê,Žµ•ó,‚È‚µ,‚ ‚ÜŽs,Žµ•ó–k’†,,59,51,57,51,42,45,55,61,44,62,59,77,72,65,67,66,69,54,55.7,58.7
’Ã“‡‘æˆê,Žµ•ó,”ü˜a,ŠC•”ŒS,‘åŽ¡’†,,325,324,329,325,336,338,343,315,315,340,330,322,320,336,316,349,342,295,326,327.8
’Ã“‡‘æˆê,–í•x‰w‘O,ŠI]‰w‘O,ŠC•”ŒS,—§“c’†,,46,47,43,65,69,54,56,63,65,65,76,73,73,74,66,82,79,82,45.3,65.4
’Ã“‡‘æˆê,–í•x‰w‘O,ŠI]‰w‘O,ŠC•”ŒS,\ŽlŽR’†,,,30,55,51,,47,47,42,61,59,52,47,43,61,70,48,60,49,42.5,51.4
’Ã“‡‘æˆê,‚È‚µ,‚È‚µ,ŠC•”ŒS,”ò“‡Šw‰€’†,,40,51,52,42,44,38,55,42,47,42,42,34,41,41,26,38,31,40,47.7,41.4
’Ã“‡‘æˆê,‚È‚µ,‚È‚µ,ŠC•”ŒS,”ªŠJ’†,,,27,23,40,29,33,37,39,41,33,35,43,43,39,45,66,56,61,25,40.6
’Ã“‡‘æ“ñ,´{,‚È‚µ,´{Žs,¼”ø”f“‡’†,,139,160,133,155,156,144,154,116,118,151,134,130,134,127,120,151,135,140,144,138.7
’Ã“‡‘æ“ñ,´{,‚È‚µ,´{Žs,´F’†,,226,247,236,222,213,223,209,209,209,215,199,205,187,180,190,165,168,177,236.3,204.4
’Ã“‡‘æ“ñ,´{,‚È‚µ,´{Žs,Vì’†,,168,147,184,174,170,154,180,173,178,139,152,160,141,159,181,,160,146,166.3,162.7
’Ã“‡‘æ“ñ,¼t,‚È‚µ,¼t“úˆäŒS,–LŽR’†,,155,160,178,158,197,180,157,132,143,148,145,148,150,133,123,117,131,98,164.3,147.4
’Ã“‡‘æ“ñ,¼t,‚È‚µ,–k–¼ŒÃ‰®Žs,ŽtŸ’†,,198,211,197,224,193,204,213,176,197,198,191,174,187,173,210,180,172,150,202,191.6
’Ã“‡‘æ“ñ,¼t,‚È‚µ,–k–¼ŒÃ‰®Žs,ŒPŒ´’†,,,114,130,126,122,129,131,125,135,129,124,142,131,116,100,93,99,91,122,119.8
’Ã“‡‘æ“ñ,¼t,‚È‚µ,–k–¼ŒÃ‰®Žs,ŒF–ì’†,,140,117,135,110,129,,126,132,143,169,149,162,162,154,158,155,144,,130.7,142.8
’Ã“‡‘æ“ñ,¼t,‚È‚µ,–k–¼ŒÃ‰®Žs,¼t’†,,96,112,94,137,103,116,114,131,125,120,138,124,136,,133,104,103,110,100.7,117.4
’Ã“‡‘æ“ñ,¼t,‚È‚µ,–k–¼ŒÃ‰®Žs,”’–Ø’†,,121,109,114,119,110,105,95,98,101,120,114,95,107,117,89,104,100,79,114.7,105.4
’Ã“‡‘æ“ñ,¼t,‚È‚µ,–k–¼ŒÃ‰®Žs,“V_’†,,119,115,125,120,121,120,115,114,126,108,98,96,83,114,97,112,99,88,119.7,109.4
’Ã“‡‘æ“ñ,´{,‚È‚µ,´{Žs,t“ú’†,,77,66,90,73,75,57,74,88,73,72,65,72,84,91,72,74,67,67,77.7,74.3
ˆê‹{¬–q,ˆê‹{¬–q–{•”,—¼‹½,ˆê‹{Žs,ˆê‹{–k•”’†,,193,164,215,205,230,255,223,222,243,277,247,270,274,257,264,243,264,241,190.7,238.2
ˆê‹{¬–q,ˆê‹{¬–q–{•”,‚È‚µ,ˆê‹{Žs,ˆê‹{’†•”’†,,260,244,232,262,240,253,246,238,244,249,283,277,286,313,289,295,304,274,245.3,266.1
ˆê‹{¬–q,ˆê‹{¬–q–{•”,‚È‚µ,ˆê‹{Žs,ˆê‹{“ì•”’†,,278,288,315,309,304,305,272,301,302,285,288,286,297,282,292,288,284,270,293.7,291.4
’Ã“‡‘æ“ñ,—¼‹½,‚È‚µ,ˆê‹{Žs,—tŒI’†,,129,156,142,163,163,165,165,165,181,159,185,178,177,199,175,177,196,156,142.3,168.4
’Ã“‡‘æ“ñ,—¼‹½,‚È‚µ,ˆê‹{Žs,¼¬’†,,119,137,151,124,,135,162,134,142,140,154,161,150,163,160,163,179,131,135.7,147.4
ˆê‹{¬–q,‚È‚µ,‚È‚µ,ˆê‹{Žs,’O—z’†,,257,261,288,279,272,298,258,289,300,262,305,274,275,270,254,253,267,250,268.7,272.9
’Ã“‡‘æ“ñ,—¼‹½,‚È‚µ,ˆê‹{Žs,óˆä’†,,146,154,168,152,181,183,204,175,206,219,188,192,227,187,200,209,187,184,156,186.8
’Ã“‡‘æ“ñ,‚È‚µ,‚È‚µ,ˆê‹{Žs,–k•û’†,,53,70,75,,,94,90,78,76,92,97,92,109,98,100,101,91,101,66,88.6
ˆê‹{¬–q,ˆê‹{¬–q–{•”,‚È‚µ,ˆê‹{Žs,‘å˜a’†,,201,183,181,208,212,206,207,193,183,189,197,195,258,220,236,219,243,215,188.3,208.1
ˆê‹{¬–q,ˆê‹{¬–q–{•”,‚È‚µ,ˆê‹{Žs,‘å˜a“ì’†,,51,47,59,53,51,41,41,51,46,53,52,57,65,55,56,44,54,69,52.3,52.5
’Ã“‡‘æ“ñ,¡ˆÉ¨,‚È‚µ,ˆê‹{Žs,¡ˆÉ¨’†,,222,208,234,215,241,221,217,218,214,238,236,298,265,278,280,265,292,252,221.3,244.1
’Ã“‡‘æ“ñ,‚È‚µ,‚È‚µ,ˆê‹{Žs,‰œ’†,,119,146,133,141,,,149,138,147,162,146,182,164,156,117,157,133,135,132.7,145.3
’Ã“‡‘æ“ñ,‚È‚µ,‚È‚µ,ˆê‹{Žs,”‹Œ´’†,,147,140,143,130,,145,155,140,147,169,168,183,162,163,187,180,185,189,143.3,160.8
ˆê‹{¬–q,‚È‚µ,‚È‚µ,ˆê‹{Žs,çH’†,,,158,149,164,193,128,172,162,159,172,182,180,168,196,175,174,176,158,153.5,168.6
’Ã“‡‘æ“ñ,—¼‹½,‚È‚µ,ˆê‹{Žs,¼¬“Œ•”’†,,82,93,89,100,99,90,108,106,118,113,111,95,113,121,110,111,99,107,88,103.6
ˆê‹{¬–q,‚È‚µ,‚È‚µ,ˆê‹{Žs,‘å¬’†,,,,,80,,,,112,,62,102,85,,,,,,,#DIV/0!,88.2
’Ã“‡‘æ“ñ,¼t,‚È‚µ,Šâ‘qŽs,Šâ‘q’†,,,249,253,200,255,263,270,251,269,280,256,260,280,262,254,265,259,270,251,258.6
’Ã“‡‘æ“ñ,¼t,‚È‚µ,Šâ‘qŽs,Šâ‘q“ì•”’†,,,,103,106,124,108,148,121,128,107,137,123,132,167,132,128,130,133,103,126.7
’Ã“‡‘æ“ñ,]“ì,‚È‚µ,]“ìŽs,ŒÃ’m–ì’†,,293,297,263,280,297,270,301,253,274,264,259,277,361,275,296,300,299,319,284.3,287.7
’Ã“‡‘æ“ñ,]“ì,‚È‚µ,]“ìŽs,•z‘Ü’†,,207,198,205,203,214,200,206,196,199,207,191,228,191,171,223,187,167,,203.3,199.6
’Ã“‡‘æ“ñ,]“ì,‚È‚µ,]“ìŽs,‹{“c’†,,108,130,101,133,123,170,140,174,195,185,172,179,158,166,182,182,205,180,113,160.2
’Ã“‡‘æ“ñ,]“ì,‚È‚µ,]“ìŽs,]“ì–k•”’†,,,155,143,152,158,144,173,151,166,168,179,181,166,167,163,156,164,165,149,161.8
’Ã“‡‘æ“ñ,]“ì,‚È‚µ,]“ìŽs,]“ì¼•”’†,,70,90,92,89,92,90,122,109,125,104,129,149,158,168,145,125,131,130,84,117.7
’Ã“‡‘æ“ñ,‚È‚µ,‚È‚µ,]“ìŽs,‘ê’†,,,,,,,,,,,252,250,250,,,,,,,#DIV/0!,250.7
’Ã“‡‘æ“ñ,Œ¢ŽR,‚È‚µ,Œ¢ŽRŽs,Œ¢ŽR’†,,207,200,199,237,231,238,226,223,210,229,227,224,210,239,239,240,230,250,202,225.5
’Ã“‡‘æ“ñ,Œ¢ŽR,‚È‚µ,Œ¢ŽRŽs,Œ¢ŽR“ì•”’†,,121,110,141,127,131,149,173,154,158,180,157,167,196,182,175,177,173,170,124,157.8
’Ã“‡‘æ“ñ,Œ¢ŽR,‚È‚µ,Œ¢ŽRŽs,é“Œ’†,,138,150,190,168,149,197,172,193,173,205,193,203,202,198,198,190,180,149,159.3,180.4
’Ã“‡‘æ“ñ,Œ¢ŽR,‚È‚µ,Œ¢ŽRŽs,Œ¢ŽR“Œ•”’†,,114,99,104,132,111,137,114,109,111,90,109,108,122,126,123,124,108,126,105.7,114.8
ˆê‹{¬–q,¬–q–{•”,‚È‚µ,¬–qŽs,¬–q’†,,233,257,253,251,271,271,283,219,220,254,289,287,264,294,253,253,235,243,247.7,257.2
ˆê‹{¬–q,¬–q–{•”,‚È‚µ,¬–qŽs,–¡‰ª’†,,225,200,237,210,226,220,259,260,230,239,217,249,237,223,195,184,210,216,220.7,224.3
ˆê‹{¬–q,¬–q–{•”,‚È‚µ,¬–qŽs,ŽÂ‰ª’†,,,,,50,57,55,60,53,56,69,79,92,93,60,60,79,72,68,#DIV/0!,66.9
ˆê‹{¬–q,¬–q–{•”,‚È‚µ,¬–qŽs,–k—¢’†,,109,147,130,136,132,150,154,119,155,132,136,149,143,152,151,145,136,134,128.7,139.4
ˆê‹{¬–q,¬–q–{•”,‚È‚µ,¬–qŽs,‰žŽž’†,,231,200,219,255,220,230,267,238,250,240,266,264,225,227,205,199,221,207,216.7,231.3
ˆê‹{¬–q,¬–q–{•”,‚È‚µ,¬–qŽs,Šâè’†,,136,150,160,149,149,161,181,143,151,161,150,148,158,216,208,147,150,139,148.7,158.7
ˆê‹{¬–q,¬–q–{•”,‚È‚µ,¬–qŽs,“—Ë’†,,125,121,160,137,148,150,122,165,148,154,166,176,171,210,205,204,189,201,135.3,164
ˆê‹{¬–q,¬–q–{•”,‚È‚µ,¬–qŽs,¬–q¼’†,,75,80,80,80,87,79,90,83,92,84,97,90,94,104,81,80,83,58,78.3,84.3
ˆê‹{¬–q,¬–q–{•”,‚È‚µ,¬–qŽs,Œõƒ–‹u’†,,80,88,68,90,88,75,81,71,86,92,91,95,134,115,117,135,139,129,78.7,98.6
’Ã“‡‘æˆê,ˆî‘ò‰w‘O,‚È‚µ,ˆî‘òŽs,ˆî‘ò’†,,109,130,131,122,114,125,140,106,101,110,96,119,137,136,135,147,152,140,123.3,125
’Ã“‡‘æ“ñ,‘•{‹{,‚È‚µ,ˆî‘òŽs,–¾Ž¡’†,,85,101,97,98,87,97,97,102,92,142,118,115,137,123,136,138,128,126,94.3,112.2
’Ã“‡‘æ“ñ,‘•{‹{,‚È‚µ,ˆî‘òŽs,ç‘ã“c’†,,74,91,79,84,98,78,74,71,78,77,79,69,73,79,74,69,85,61,81.3,77.4
’Ã“‡‘æ“ñ,‘•{‹{,‚È‚µ,ˆî‘òŽs,‘å—¢’†,,94,101,99,114,79,120,92,93,97,89,116,120,110,120,126,116,104,101,98,105.1
’Ã“‡‘æˆê,ˆî‘ò‰w‘O,‚È‚µ,ˆî‘òŽs,Ž¡˜YŠÛ’†,,224,222,232,219,227,220,223,234,241,224,238,212,225,232,226,200,193,196,226,221.6
’Ã“‡‘æ“ñ,‘•{‹{,‚È‚µ,ˆî‘òŽs,ˆî‘ò¼’†,,202,188,178,190,195,172,160,163,186,195,205,188,214,220,180,224,203,219,189.3,193.4
’Ã“‡‘æˆê,ˆî‘ò‰w‘O,‚È‚µ,ˆî‘òŽs,‘å—¢“Œ’†,,78,87,95,101,88,107,84,100,112,112,107,128,121,137,123,111,109,106,86.7,105.9
ˆê‹{¬–q,ˆê‹{–{•”,‚È‚µ,ˆê‹{Žs,”ö¼‘æˆê’†,,214,253,246,249,277,282,310,249,274,272,280,283,323,308,304,313,312,305,237.7,280.8
ˆê‹{¬–q,ˆê‹{–{•”,‚È‚µ,ˆê‹{Žs,”ö¼‘æ“ñ’†,,72,86,85,92,83,,104,101,111,109,120,120,129,121,121,143,128,128,81,109
ˆê‹{¬–q,ˆê‹{–{•”,‚È‚µ,ˆê‹{Žs,”ö¼‘æŽO’†,,159,164,161,173,175,179,163,175,198,177,167,140,193,161,202,194,192,177,161.3,175
’Ã“‡‘æ“ñ,]“ì,‚È‚µ,’O‰HŒS,•}ŒK’†,,160,191,140,176,170,193,192,161,185,202,191,180,209,203,182,173,160,,163.7,180.5
’Ã“‡‘æ“ñ,Œ¢ŽR,¬–q–{•”,’O‰HŒS,‘åŒû’†,,229,230,241,207,245,230,242,214,240,223,230,228,244,247,251,240,258,214,233.3,234.1
’Ã“‡‘æ“ñ,Œ¢ŽR,‚È‚µ,’O‰HŒS,•}ŒK–k’†,,,130,144,139,146,145,111,125,128,145,123,154,148,132,154,141,141,138,137,137.9
’Ã“‡‘æ“ñ,¡ˆÉ¨,‚È‚µ,ˆê‹{Žs,–Ø‘]ì’†,,287,309,317,304,316,312,338,298,344,330,312,342,332,360,357,349,303,324,304.3,324.1
’Ã“‡‘æ“ñ,‘•{‹{,’Ã“‡–{•”,ˆî‘òŽs,‘c•ƒ]’†,,153,165,174,175,177,176,190,160,182,167,209,199,119,204,219,219,216,229,164,185.2
’Ã“‡‘æ“ñ,‘•{‹{,’Ã“‡–{•”,ˆî‘òŽs,•½˜a’†,,95,85,99,91,97,120,111,120,107,122,131,133,129,150,148,131,118,124,93,117.3
–¼ŒÃ‰®‘æŽO,“ŒŠC,‚È‚µ,“ŒŠCŽs,ã–ì’†,,140,184,140,175,141,183,153,133,139,151,142,141,173,126,157,139,142,151,154.7,150.6
–¼ŒÃ‰®‘æŽO,“ŒŠC,‚È‚µ,“ŒŠCŽs,–¼˜a’†,,140,150,153,148,163,175,164,169,158,194,181,147,141,148,139,115,127,135,147.7,152.6
–¼ŒÃ‰®‘æŽO,“ŒŠC,‚È‚µ,“ŒŠCŽs,•x–Ø“‡’†,,218,242,210,238,225,188,202,204,169,172,173,192,152,172,151,126,121,161,223.3,184.2
–¼ŒÃ‰®‘æŽO,‚‰¡{‰ê,‚È‚µ,“ŒŠCŽs,‰¡{‰ê’†,,249,242,240,272,254,248,271,221,271,270,299,286,291,306,312,279,292,280,243.7,271.3
–¼ŒÃ‰®‘æŽO,“ŒŠC,‚È‚µ,“ŒŠCŽs,‰Á–Ø‰®’†,,214,256,224,203,202,183,186,166,188,213,219,187,194,195,197,160,161,160,231.3,194.9
–¼ŒÃ‰®‘æŽO,“ŒŠC,‚È‚µ,“ŒŠCŽs,•½F’†,,119,147,151,133,139,136,163,135,152,186,172,149,146,147,161,146,132,136,139,147.2
Š ’J,‘å•{–{•”,‚È‚µ,‘å•{Žs,‘å•{’†,,287,280,272,290,290,289,284,314,284,324,310,321,291,296,255,286,277,278,279.7,290.4
Š ’J,‘å•{–{•”,‹¤˜a‰w‘O,‘å•{Žs,‘å•{¼’†,,230,230,217,180,167,213,204,177,198,198,212,189,146,177,161,170,142,185,225.7,188.7
Š ’J,‹¤˜a‰w‘O,‚È‚µ,‘å•{Žs,‘å•{–k’†,,304,286,302,333,318,290,277,261,242,228,237,250,250,246,233,201,224,219,297.3,261.2
Š ’J,‘å•{–{•”,‚È‚µ,‘å•{Žs,‘å•{“ì’†,,126,121,116,116,114,117,145,107,141,126,165,160,182,151,153,142,135,132,121,136.1
–¼ŒÃ‰®‘æŽO,’m‘½,‚È‚µ,’m‘½Žs,”ª”¦’†,,168,179,183,166,178,203,220,200,214,186,200,216,202,207,213,206,200,201,176.7,196.8
–¼ŒÃ‰®‘æŽO,’m‘½,‚È‚µ,’m‘½Žs,’m‘½’†,,174,190,211,184,203,210,203,198,197,189,205,190,209,188,182,174,174,163,191.7,191.3
–¼ŒÃ‰®‘æŽO,’m‘½,‚È‚µ,’m‘½Žs,ˆ®“ì’†,,113,128,127,123,128,128,139,149,128,152,163,152,167,166,156,141,139,143,122.7,141.2
–¼ŒÃ‰®‘æŽO,’m‘½,‚È‚µ,’m‘½Žs,’m‘½“Œ•”’†,,109,112,105,107,116,104,121,121,130,115,125,170,134,142,156,154,127,159,108.7,128.2
–¼ŒÃ‰®‘æŽO,’m‘½,‚È‚µ,’m‘½Žs,’m‘½’†•”’†,,163,171,211,164,167,186,128,157,148,140,158,170,156,164,198,167,180,167,181.7,166.4
•É“ì,”¼“c–{•”,‚È‚µ,”¼“cŽs,”¼“c’†,,259,235,276,256,257,242,273,263,264,272,277,305,298,315,292,288,305,278,256.7,275.3
•É“ì,‰³ì,‚È‚µ,”¼“cŽs,‰³ì’†,,268,305,281,257,271,268,270,255,279,283,305,288,310,322,282,339,350,278,284.7,289.5
•É“ì,‰³ì,‚È‚µ,”¼“cŽs,‹Tè’†,,116,111,138,128,151,135,136,178,165,197,154,198,198,168,196,184,168,169,121.7,160.6
•É“ì,ÂŽR‰w‘O,”¼“c–{•”,”¼“cŽs,¬Šâ’†,,213,218,226,220,231,208,229,226,210,242,242,242,236,263,252,248,240,230,219,232
•É“ì,ÂŽR‰w‘O,‚È‚µ,”¼“cŽs,ÂŽR’†,,143,186,175,155,180,195,165,178,189,203,184,205,220,225,220,226,240,205,168,194.1
•É“ì,íŠŠ–{•”,‚È‚µ,íŠŠŽs,íŠŠ’†,,295,286,263,259,244,200,206,167,169,178,177,171,135,184,147,146,146,146,281.3,195.5
•É“ì,íŠŠ–{•”,‚È‚µ,íŠŠŽs,“ì—Ë’†,,78,74,74,82,94,77,90,92,100,106,95,136,120,109,108,109,103,100,75.3,97.1
•É“ì,íŠŠ–{•”,‚È‚µ,íŠŠŽs,‹Sè’†,,153,176,213,206,217,214,220,197,195,178,153,168,150,139,148,146,129,151,180.7,175.2
•É“ì,íŠŠ–{•”,‚È‚µ,íŠŠŽs,ÂŠC’†,,68,75,78,66,72,64,76,75,78,67,83,78,91,97,99,98,105,85,73.7,80.8
•É“ì,‰³ì,‚È‚µ,’m‘½ŒS,ˆ¢‹v”ä’†,,369,351,366,350,286,309,261,229,228,242,264,224,253,247,217,213,248,226,362,271.3
Š ’J,“Œ‰Y‰w‘O,‚È‚µ,’m‘½ŒS,“Œ‰Y’†,,256,246,258,287,255,235,251,253,256,260,275,307,294,308,311,322,311,291,253.3,276.4
Š ’J,‘å•{–{•”,“Œ‰Y‰w‘O,’m‘½ŒS,“Œ‰Y–k•”’†,,184,160,160,156,148,173,144,164,178,148,134,161,149,134,156,159,129,152,168,154.9
Š ’J,‚È‚µ,‚È‚µ,’m‘½ŒS,“Œ‰Y¼•”’†,,,,53,58,54,56,56,57,60,82,76,74,98,86,85,82,92,101,53,73.1
•É“ì,‚È‚µ,‚È‚µ,’m‘½ŒS,“àŠC’†,,,,,42,33,29,,25,39,34,34,36,47,55,60,,50,56,#DIV/0!,41.5
•É“ì,‚È‚µ,‚È‚µ,’m‘½ŒS,–L•l’†,,,,,29,25,21,36,19,37,32,39,31,38,43,44,43,,45,#DIV/0!,34.4
•É“ì,‚È‚µ,‚È‚µ,’m‘½ŒS,Žtè’†,,,,,22,32,26,,,,27,36,39,40,47,46,46,,44,#DIV/0!,36.8
•É“ì,‚È‚µ,‚È‚µ,’m‘½ŒS,ŽÂ“‡’†,,,18,12,,,,,,,13,15,15,,,,,,,15,14.6
•É“ì,‚È‚µ,‚È‚µ,’m‘½ŒS,“úŠÔ‰ê’†,,,,,,,,,,13,13,17,26,,,,,,,#DIV/0!,17.3
•É“ì,ÂŽR‰w‘O,‚È‚µ,’m‘½ŒS,–ìŠÔ’†,,,65,60,71,75,59,76,71,77,93,83,81,97,103,112,106,98,99,62.5,83.9
•É“ì,ÂŽR‰w‘O,‚È‚µ,’m‘½ŒS,‰Í˜a’†,,92,100,87,85,107,100,118,112,124,126,136,141,141,168,143,141,142,119,93,121.2
•É“ì,ÂŽR‰w‘O,‚È‚µ,’m‘½ŒS,•–L’†,,289,295,267,319,299,296,344,304,330,317,336,323,316,323,333,332,286,279,283.7,310.4
•É“ì,ÂŽR‰w‘O,‚È‚µ,’m‘½ŒS,•x‹M’†,,119,114,120,110,112,116,119,105,158,102,118,125,138,140,131,131,140,120,117.7,123.2
•É“ì,‚È‚µ,‚È‚µ,’m‘½ŒS“ì’m‘½’¬,“ì’m‘½’†,,,100,93,105,,,,,,,,,,,,,,,96.5,99.3
